time_ms,average_normalized_signal
0.0,1.0
5.0,0.9952786057364728
10.0,0.9906054809648588
15.0,0.9859768790103928
20.0,0.9813902966264848
25.0,0.9768438887643252
30.0,0.9723361966257252
35.0,0.9678660078831902
40.0,0.9634322784616662
45.0,0.9590340855499696
50.0,0.9546705976602584
55.0,0.950341054594134
60.0,0.9460447534790662
65.0,0.9417810386956226
70.0,0.9375492943958132
75.0,0.933348938804399
80.0,0.929179419782066
85.0,0.9250402113037172
90.0,0.9209308106147196
95.0,0.9168507358989476
100.0,0.9127995243397312
105.0,0.9087767304870152
110.0,0.9047819248664676
115.0,0.900814692782178
120.0,0.8968746332760539
125.0,0.8929613582154272
130.0,0.8890744914866239
135.0,0.8852136682769365
140.0,0.8813785344310013
145.0,0.8775687458703305
150.0,0.8737839680668658
155.0,0.8700238755630858
160.0,0.866288151532522
165.0,0.8625764873755658
170.0,0.8588885823463065
175.0,0.8552241432067981
180.0,0.8515828839057205
185.0,0.8479645252788308
190.0,0.8443687947689944
195.0,0.8407954261638639
200.0,0.8372441593495568
205.0,0.8337147400788764
210.0,0.8302069197528098
215.0,0.8267204552141888
220.0,0.8232551085525237
225.0,0.819810646919137
230.0,0.8163868423518164
235.0,0.8129834716082835
240.0,0.8096003160078564
245.0,0.8062371612807366
250.0,0.8028937974244058
255.0,0.7995700185666731
260.0,0.7962656228349424
265.0,0.7929804122313198
270.0,0.7897141925132007
275.0,0.7864667730790174
280.0,0.783237966858843
285.0,0.7800275902095792
290.0,0.7768354628144725
295.0,0.77366140758672
300.0,0.77050525057695
305.0,0.7673668208843679
310.0,0.7642459505713864
315.0,0.761142474581551
320.0,0.7580562306606065
325.0,0.7549870592805443
330.0,0.7519348035664861
335.0,0.7488993092262699
340.0,0.7458804244826062
345.0,0.7428780000076898
350.0,0.7398918888601528
355.0,0.7369219464242494
360.0,0.733968030351173
365.0,0.7310300005024152
370.0,0.7281077188950706
375.0,0.7252010496490089
380.0,0.7223098589358249
385.0,0.7194340149295061
390.0,0.7165733877587266
395.0,0.7137278494607162
400.0,0.7108972739366277
405.0,0.7080815369083474
410.0,0.70528051587669
415.0,0.7024940900809177
420.0,0.6997221404595352
425.0,0.6969645496123119
430.0,0.6942212017634719
435.0,0.6914919827260241
440.0,0.6887767798671721
445.0,0.6860754820747718
450.0,0.6833879797247945
455.0,0.6807141646497581
460.0,0.678053930108088
465.0,0.6754071707543765
470.0,0.6727737826105067
475.0,0.6701536630376057
480.0,0.6675467107088034
485.0,0.6649528255827631
490.0,0.6623719088779576
495.0,0.659803863047664
500.0,0.6572485917556538
505.0,0.6547059998525515
510.0,0.6521759933528386
515.0,0.6496584794124837
520.0,0.647153366307172
525.0,0.644660563411121
530.0,0.6421799811764533
535.0,0.6397115311131172
540.0,0.63725512576933
545.0,0.6348106787125297
550.0,0.6323781045108182
555.0,0.6299573187148787
560.0,0.6275482378403526
565.0,0.6251507793506619
570.0,0.6227648616402608
575.0,0.6203904040183049
580.0,0.6180273266927224
585.0,0.6156755507546784
590.0,0.6133349981634133
595.0,0.6110055917314541
600.0,0.6086872551101736
605.0,0.6063799127757019
610.0,0.604083490015163
615.0,0.6017979129132439
620.0,0.5995231083390709
625.0,0.5972590039333938
630.0,0.5950055280960638
635.0,0.5927626099738003
640.0,0.5905301794482333
645.0,0.5883081671242177
650.0,0.5860965043184089
655.0,0.5838951230480934
660.0,0.5817039560202673
665.0,0.579522936620953
670.0,0.5773519989047521
675.0,0.5751910775846231
680.0,0.5730401080218795
685.0,0.5708990262164051
690.0,0.5687677687970732
695.0,0.5666462730123712
700.0,0.5645344767212227
705.0,0.562432318384
710.0,0.5603397370537221
715.0,0.5582566723674376
720.0,0.5561830645377811
725.0,0.5541188543447026
730.0,0.5520639831273642
735.0,0.5500183927761995
740.0,0.5479820257251343
745.0,0.5459548249439558
750.0,0.543936733930839
755.0,0.5419276967050167
760.0,0.5399276577995918
765.0,0.5379365622544904
770.0,0.5359543556095506
775.0,0.5339809838977431
780.0,0.53201639363852
785.0,0.5300605318312926
790.0,0.5281133459490285
795.0,0.5261747839319708
800.0,0.5242447941814727
805.0,0.5223233255539466
810.0,0.5204103273549252
815.0,0.51850574933323
820.0,0.5166095416752464
825.0,0.514721654999302
830.0,0.5128420403501465
835.0,0.5109706491935296
840.0,0.509107433410875
845.0,0.5072523452940506
850.0,0.5054053375402265
855.0,0.5035663632468276
860.0,0.5017353759065704
865.0,0.4999123294025879
870.0,0.4980971780036363
875.0,0.4962898763593853
880.0,0.494490379495788
885.0,0.4926986428105284
890.0,0.4909146220685469
895.0,0.4891382733976394
900.0,0.4873695532841304
905.0,0.4856084185686176
910.0,0.4838548264417868
915.0,0.4821087344402951
920.0,0.4803701004427212
925.0,0.4786388826655819
930.0,0.4769150396594125
935.0,0.4751985303049107
940.0,0.4734893138091406
945.0,0.4717873497017992
950.0,0.470092597831541
955.0,0.4684050183623594
960.0,0.4667245717700268
965.0,0.4650512188385891
970.0,0.463384920656914
975.0,0.4617256386152942
980.0,0.4600733344021014
985.0,0.4584279700004922
990.0,0.4567895076851636
995.0,0.4551579100191583
1000.0,0.4535331398507176
1005.0,0.4519151603101821
1010.0,0.4503039348069373
1015.0,0.4486994270264072
1020.0,0.44710160092709
1025.0,0.4455104207376377
1030.0,0.4439258509539809
1035.0,0.4423478563364915
1040.0,0.4407764019071911
1045.0,0.4392114529469963
1050.0,0.437652974993005
1055.0,0.4361009338358222
1060.0,0.4345552955169235
1065.0,0.433016026326055
1070.0,0.4314830927986719
1075.0,0.4299564617134113
1080.0,0.4284361000896026
1085.0,0.4269219751848103
1090.0,0.4254140544924122
1095.0,0.4239123057392123
1100.0,0.4224166968830837
1105.0,0.4209271961106469
1110.0,0.4194437718349779
1115.0,0.4179663926933475
1120.0,0.4164950275449934
1125.0,0.4150296454689191
1130.0,0.4135702157617261
1135.0,0.4121167079354712
1140.0,0.4106690917155556
1145.0,0.4092273370386413
1150.0,0.4077914140505927
1155.0,0.4063612931044491
1160.0,0.4049369447584213
1165.0,0.403518339773915
1170.0,0.40210544911358
1175.0,0.4006982439393848
1180.0,0.3992966956107163
1185.0,0.3979007756825032
1190.0,0.396510455903364
1195.0,0.395125708213779
1200.0,0.3937465047442847
1205.0,0.392372817813692
1210.0,0.3910046199273262
1215.0,0.3896418837752896
1220.0,0.388284582230745
1225.0,0.3869326883482228
1230.0,0.3855861753619461
1235.0,0.3842450166841796
1240.0,0.382909185903596
1245.0,0.3815786567836653
1250.0,0.3802534032610619
1255.0,0.3789333994440917
1260.0,0.377618619611139
1265.0,0.376309038209131
1270.0,0.3750046298520219
1275.0,0.3737053693192951
1280.0,0.3724112315544829
1285.0,0.3711221916637042
1290.0,0.3698382249142197
1295.0,0.3685593067330044
1300.0,0.3672854127053364
1305.0,0.3660165185734031
1310.0,0.364752600234923
1315.0,0.3634936337417848
1320.0,0.3622395952987009
1325.0,0.360990461261878
1330.0,0.3597462081377012
1335.0,0.3585068125814368
1340.0,0.3572722513959455
1345.0,0.356042501530414
1350.0,0.3548175400790999
1355.0,0.35359734428009
1360.0,0.3523818915140738
1365.0,0.3511711593031315
1370.0,0.349965125309534
1375.0,0.348763767334557
1380.0,0.3475670633173097
1385.0,0.3463749913335748
1390.0,0.3451875295946623
1395.0,0.3440046564462765
1400.0,0.3428263503673944
1405.0,0.3416525899691571
1410.0,0.3404833539937743
1415.0,0.3393186213134387
1420.0,0.3381583709292544
1425.0,0.3370025819701763
1430.0,0.3358512336919598
1435.0,0.3347043054761246
1440.0,0.333561776828926
1445.0,0.3324236273803415
1450.0,0.3312898368830647
1455.0,0.3301603852115121
1460.0,0.3290352523608396
1465.0,0.3279144184459697
1470.0,0.3267978637006293
1475.0,0.3256855684763972
1480.0,0.3245775132417628
1485.0,0.3234736785811919
1490.0,0.3223740451942064
1495.0,0.3212785938944699
1500.0,0.3201873056088852
