time_ms,average_normalized_signal,slice_0583_normalized_signal
0.0,1.0,1.0
5.0,0.9962761856528096,0.9962761856528096
10.0,0.9925765989244836,0.9925765989244836
15.0,0.9889002049302964,0.9889002049302964
20.0,0.9852462010305916,0.9852462010305916
25.0,0.9816139316355256,0.9816139316355256
30.0,0.978002841398146,0.978002841398146
35.0,0.9744124472825024,0.9744124472825024
40.0,0.9708423207283972,0.9708423207283972
45.0,0.9672920756162096,0.9672920756162096
50.0,0.9637613597762976,0.9637613597762976
55.0,0.9602498487822928,0.9602498487822928
60.0,0.9567572412828638,0.9567572412828638
65.0,0.9532832554085586,0.9532832554085586
70.0,0.9498276259529552,0.9498276259529552
75.0,0.9463901021254962,0.9463901021254962
80.0,0.9429704457351772,0.9429704457351772
85.0,0.9395684297046184,0.9395684297046184
90.0,0.9361838368412124,0.9361838368412124
95.0,0.9328164588109,0.9328164588109
100.0,0.9294660952734404,0.9294660952734404
105.0,0.9261325531477056,0.9261325531477056
110.0,0.9228156459826198,0.9228156459826198
115.0,0.9195151934146448,0.9195151934146448
120.0,0.9162310206967362,0.9162310206967362
125.0,0.9129629582867236,0.9129629582867236
130.0,0.9097108414854566,0.9097108414854566
135.0,0.9064745101168816,0.9064745101168816
140.0,0.903253808243672,0.903253808243672
145.0,0.9000485839131681,0.9000485839131681
150.0,0.8968586889293134,0.8968586889293134
155.0,0.8936839786469891,0.8936839786469891
160.0,0.8905243117857582,0.8905243117857582
165.0,0.8873795502604964,0.8873795502604964
170.0,0.8842495590268014,0.8842495590268014
175.0,0.8811342059393675,0.8811342059393675
180.0,0.878033361621811,0.878033361621811
185.0,0.8749468993466276,0.8749468993466276
190.0,0.8718746949241627,0.8718746949241627
195.0,0.8688166265996232,0.8688166265996232
200.0,0.8657725749572956,0.8657725749572956
205.0,0.8627424228312369,0.8627424228312369
210.0,0.8597260552218039,0.8597260552218039
215.0,0.8567233592174671,0.8567233592174671
220.0,0.8537342239214151,0.8537342239214151
225.0,0.8507585403825197,0.8507585403825197
230.0,0.8477962015302863,0.8477962015302863
235.0,0.8448471021134404,0.8448471021134404
240.0,0.8419111386418587,0.8419111386418587
245.0,0.8389882093315735,0.8389882093315735
250.0,0.8360782140526061,0.8360782140526061
255.0,0.8331810542794198,0.8331810542794198
260.0,0.8302966330437943,0.8302966330437943
265.0,0.8274248548899467,0.8274248548899467
270.0,0.8245656258317438,0.8245656258317438
275.0,0.8217188533118568,0.8217188533118568
280.0,0.818884446162735,0.818884446162735
285.0,0.8160623145692711,0.8160623145692711
290.0,0.8132523700330601,0.8132523700330601
295.0,0.8104545253381409,0.8104545253381409
300.0,0.807668694518141,0.807668694518141
305.0,0.8048947928247354,0.8048947928247354
310.0,0.8021327366973373,0.8021327366973373
315.0,0.7993824437339659,0.7993824437339659
320.0,0.7966438326632064,0.7966438326632064
325.0,0.7939168233172182,0.7939168233172182
330.0,0.791201336605728,0.791201336605728
335.0,0.7884972944909502,0.7884972944909502
340.0,0.7858046199634029,0.7858046199634029
345.0,0.7831232370185564,0.7831232370185564
350.0,0.7804530706342859,0.7804530706342859
355.0,0.777794046749079,0.777794046749079
360.0,0.7751460922409735,0.7751460922409735
365.0,0.772509134907177,0.772509134907177
370.0,0.7698831034443495,0.7698831034443495
375.0,0.767267927429512,0.767267927429512
380.0,0.7646635373015533,0.7646635373015533
385.0,0.7620698643433118,0.7620698643433118
390.0,0.7594868406642025,0.7594868406642025
395.0,0.756914399183372,0.756914399183372
400.0,0.7543524736133542,0.7543524736133542
405.0,0.7518009984442078,0.7518009984442078
410.0,0.7492599089281162,0.7492599089281162
415.0,0.7467291410644313,0.7467291410644313
420.0,0.7442086315851422,0.7442086315851422
425.0,0.7416983179407531,0.7416983179407531
430.0,0.7391981382865566,0.7391981382865566
435.0,0.7367080314692813,0.7367080314692813
440.0,0.7342279370141069,0.7342279370141069
445.0,0.7317577951120293,0.7317577951120293
450.0,0.7292975466075612,0.7292975466075612
455.0,0.7268471329867598,0.7268471329867598
460.0,0.7244064963655698,0.7244064963655698
465.0,0.7219755794784642,0.7219755794784642
470.0,0.7195543256673826,0.7195543256673826
475.0,0.717142678870947,0.717142678870947
480.0,0.7147405836139528,0.7147405836139528
485.0,0.7123479849971208,0.7123479849971208
490.0,0.7099648286871056,0.7099648286871056
495.0,0.7075910609067458,0.7075910609067458
500.0,0.7052266284255574,0.7052266284255574
505.0,0.7028714785504521,0.7028714785504521
510.0,0.7005255591166824,0.7005255591166824
515.0,0.6981888184789974,0.6981888184789974
520.0,0.6958612055030131,0.6958612055030131
525.0,0.6935426695567801,0.6935426695567801
530.0,0.691233160502549,0.691233160502549
535.0,0.6889326286887265,0.6889326286887265
540.0,0.6866410249420154,0.6866410249420154
545.0,0.6843583005597308,0.6843583005597308
550.0,0.6820844073022942,0.6820844073022942
555.0,0.6798192973858912,0.6798192973858912
560.0,0.6775629234752957,0.6775629234752957
565.0,0.675315238676851,0.675315238676851
570.0,0.6730761965316051,0.6730761965316051
575.0,0.6708457510085968,0.6708457510085968
580.0,0.6686238564982837,0.6686238564982837
585.0,0.6664104678061175,0.6664104678061175
590.0,0.6642055401462492,0.6642055401462492
595.0,0.6620090291353741,0.6620090291353741
600.0,0.6598208907867035,0.6598208907867035
605.0,0.6576410815040629,0.6576410815040629
610.0,0.6554695580761125,0.6554695580761125
615.0,0.6533062776706918,0.6533062776706918
620.0,0.6511511978292731,0.6511511978292731
625.0,0.6490042764615347,0.6490042764615347
630.0,0.6468654718400422,0.6468654718400422
635.0,0.6447347425950353,0.6447347425950353
640.0,0.6426120477093229,0.6426120477093229
645.0,0.6404973465132788,0.6404973465132788
650.0,0.638390598679935,0.638390598679935
655.0,0.6362917642201741,0.6362917642201741
660.0,0.6342008034780164,0.6342008034780164
665.0,0.6321176771259958,0.6321176771259958
670.0,0.6300423461606303,0.6300423461606303
675.0,0.6279747718979758,0.6279747718979758
680.0,0.6259149159692677,0.6259149159692677
685.0,0.6238627403166458,0.6238627403166458
690.0,0.6218182071889584,0.6218182071889584
695.0,0.6197812791376488,0.6197812791376488
700.0,0.617751919012716,0.617751919012716
705.0,0.6157300899587546,0.6157300899587546
710.0,0.613715755411065,0.613715755411065
715.0,0.6117088790918386,0.6117088790918386
720.0,0.6097094250064107,0.6097094250064107
725.0,0.6077173574395838,0.6077173574395838
730.0,0.6057326409520187,0.6057326409520187
735.0,0.6037552403766898,0.6037552403766898
740.0,0.6017851208154038,0.6017851208154038
745.0,0.5998222476353833,0.5998222476353833
750.0,0.5978665864659108,0.5978665864659108
755.0,0.5959181031950314,0.5959181031950314
760.0,0.5939767639663148,0.5939767639663148
765.0,0.5920425351756746,0.5920425351756746
770.0,0.5901153834682454,0.5901153834682454
775.0,0.588195275735309,0.588195275735309
780.0,0.5862821791112807,0.5862821791112807
785.0,0.5843760609707442,0.5843760609707442
790.0,0.5824768889255373,0.5824768889255373
795.0,0.5805846308218906,0.5805846308218906
800.0,0.5786992547376115,0.5786992547376115
805.0,0.5768207289793206,0.5768207289793206
810.0,0.5749490220797302,0.5749490220797302
815.0,0.5730841027949708,0.5730841027949708
820.0,0.5712259401019656,0.5712259401019656
825.0,0.5693745031958428,0.5693745031958428
830.0,0.5675297614873964,0.5675297614873964
835.0,0.5656916846005866,0.5656916846005866
840.0,0.5638602423700817,0.5638602423700817
845.0,0.5620354048388415,0.5620354048388415
850.0,0.5602171422557388,0.5602171422557388
855.0,0.5584054250732217,0.5584054250732217
860.0,0.5566002239450106,0.5566002239450106
865.0,0.5548015097238372,0.5548015097238372
870.0,0.5530092534592163,0.5530092534592163
875.0,0.551223426395253,0.551223426395253
880.0,0.5494439999684889,0.5494439999684889
885.0,0.5476709458057782,0.5476709458057782
890.0,0.5459042357222009,0.5459042357222009
895.0,0.5441438417190055,0.5441438417190055
900.0,0.5423897359815879,0.5423897359815879
905.0,0.540641890877499,0.540641890877499
910.0,0.5389002789544853,0.5389002789544853
915.0,0.5371648729385576,0.5371648729385576
920.0,0.5354356457320931,0.5354356457320931
925.0,0.5337125704119633,0.5337125704119633
930.0,0.5319956202276926,0.5319956202276926
935.0,0.530284768599645,0.530284768599645
940.0,0.5285799891172377,0.5285799891172377
945.0,0.526881255537182,0.526881255537182
950.0,0.5251885417817515,0.5251885417817515
955.0,0.5235018219370753,0.5235018219370753
960.0,0.5218210702514577,0.5218210702514577
965.0,0.520146261133723,0.520146261133723
970.0,0.5184773691515835,0.5184773691515835
975.0,0.5168143690300341,0.5168143690300341
980.0,0.5151572356497688,0.5151572356497688
985.0,0.5135059440456212,0.5135059440456212
990.0,0.5118604694050272,0.5118604694050272
995.0,0.5102207870665108,0.5102207870665108
1000.0,0.5085868725181928,0.5085868725181928
1005.0,0.5069587013963194,0.5069587013963194
1010.0,0.5053362494838116,0.5053362494838116
1015.0,0.5037194927088391,0.5037194927088391
1020.0,0.5021084071434095,0.5021084071434095
1025.0,0.5005029690019829,0.5005029690019829
1030.0,0.498903154640101,0.498903154640101
1035.0,0.4973089405530402,0.4973089405530402
1040.0,0.4957203033744809,0.4957203033744809
1045.0,0.4941372198751965,0.4941372198751965
1050.0,0.4925596669617599,0.4925596669617599
1055.0,0.4909876216752706,0.4909876216752706
1060.0,0.489421061190095,0.489421061190095
1065.0,0.4878599628126296,0.4878599628126296
1070.0,0.4863043039800758,0.4863043039800758
1075.0,0.4847540622592363,0.4847540622592363
1080.0,0.4832092153453249,0.4832092153453249
1085.0,0.4816697410607938,0.4816697410607938
1090.0,0.4801356173541757,0.4801356173541757
1095.0,0.4786068222989441,0.4786068222989441
1100.0,0.4770833340923862,0.4770833340923862
1105.0,0.4755651310544916,0.4755651310544916
1110.0,0.4740521916268583,0.4740521916268583
1115.0,0.4725444943716089,0.4725444943716089
1120.0,0.4710420179703249,0.4710420179703249
1125.0,0.469544741222995,0.469544741222995
1130.0,0.4680526430469733,0.4680526430469733
1135.0,0.4665657024759567,0.4665657024759567
1140.0,0.4650838986589722,0.4650838986589722
1145.0,0.4636072108593776,0.4636072108593776
1150.0,0.4621356184538754,0.4621356184538754
1155.0,0.4606691009315423,0.4606691009315423
1160.0,0.4592076378928663,0.4592076378928663
1165.0,0.4577512090488,0.4577512090488
1170.0,0.4562997942198242,0.4562997942198242
1175.0,0.4548533733350242,0.4548533733350242
1180.0,0.4534119264311774,0.4534119264311774
1185.0,0.451975433651853,0.451975433651853
1190.0,0.4505438752465219,0.4505438752465219
1195.0,0.4491172315696802,0.4491172315696802
1200.0,0.4476954830799802,0.4476954830799802
1205.0,0.446278610339375,0.446278610339375
1210.0,0.4448665940122736,0.4448665940122736
1215.0,0.4434594148647037,0.4434594148647037
1220.0,0.4420570537634889,0.4420570537634889
1225.0,0.4406594916754328,0.4406594916754328
1230.0,0.4392667096665151,0.4392667096665151
1235.0,0.437878688901095,0.437878688901095
1240.0,0.4364954106411281,0.4364954106411281
1245.0,0.4351168562453888,0.4351168562453888
1250.0,0.4337430071687051,0.4337430071687051
1255.0,0.4323738449612003,0.4323738449612003
1260.0,0.4310093512675463,0.4310093512675463
1265.0,0.429649507826223,0.429649507826223
1270.0,0.4282942964687884,0.4282942964687884
1275.0,0.4269436991191571,0.4269436991191571
1280.0,0.4255976977928866,0.4255976977928866
1285.0,0.4242562745964727,0.4242562745964727
1290.0,0.4229194117266526,0.4229194117266526
1295.0,0.4215870914697172,0.4215870914697172
1300.0,0.4202592962008285,0.4202592962008285
1305.0,0.4189360083833499,0.4189360083833499
1310.0,0.4176172105681794,0.4176172105681794
1315.0,0.4163028853930924,0.4163028853930924
1320.0,0.4149930155820927,0.4149930155820927
1325.0,0.4136875839447701,0.4136875839447701
1330.0,0.4123865733756651,0.4123865733756651
1335.0,0.4110899668536412,0.4110899668536412
1340.0,0.4097977474412639,0.4097977474412639
1345.0,0.4085098982841877,0.4085098982841877
1350.0,0.4072264026105485,0.4072264026105485
1355.0,0.4059472437303637,0.4059472437303637
1360.0,0.4046724050349388,0.4046724050349388
1365.0,0.4034018699962809,0.4034018699962809
1370.0,0.402135622166517,0.402135622166517
1375.0,0.4008736451773214,0.4008736451773214
1380.0,0.3996159227393479,0.3996159227393479
1385.0,0.3983624386416666,0.3983624386416666
1390.0,0.3971131767512103,0.3971131767512103
1395.0,0.3958681210122241,0.3958681210122241
1400.0,0.3946272554457223,0.3946272554457223
1405.0,0.3933905641489501,0.3933905641489501
1410.0,0.3921580312948522,0.3921580312948522
1415.0,0.3909296411315467,0.3909296411315467
1420.0,0.3897053779818036,0.3897053779818036
1425.0,0.3884852262425303,0.3884852262425303
1430.0,0.3872691703842618,0.3872691703842618
1435.0,0.386057194950656,0.386057194950656
1440.0,0.3848492845579951,0.3848492845579951
1445.0,0.3836454238946909,0.3836454238946909
1450.0,0.3824455977207969,0.3824455977207969
1455.0,0.381249790867524,0.381249790867524
1460.0,0.3800579882367616,0.3800579882367616
1465.0,0.3788701748006047,0.3788701748006047
1470.0,0.3776863356008836,0.3776863356008836
1475.0,0.376506455748701,0.376506455748701
1480.0,0.3753305204239719,0.3753305204239719
1485.0,0.374158514874968,0.374158514874968
1490.0,0.3729904244178689,0.3729904244178689
1495.0,0.3718262344363156,0.3718262344363156
1500.0,0.3706659303809689,0.3706659303809689
