t2_ms,amplitude,normalized_amplitude
0.01,4.199179894684257e-17,4.771170476617992e-16
0.010843659686896103,7.92903621569213e-17,9.00908854803652e-16
0.01175849554052157,1.277175924480575e-16,1.4511462278724782e-15
0.012750512407130129,1.731974192110267e-16,1.9678947649091264e-15
0.013826221737646556,2.2534586243068773e-16,2.5604131111847976e-15
0.014992684327860457,2.8242982447617355e-16,3.2090095543726238e-15
0.01625755666443794,3.478312804891855e-16,3.952110597631395e-15
0.01762914118095948,4.157738898561094e-16,4.724084602189328e-15
0.019116440753857017,4.845569823714996e-16,5.505608300936675e-15
0.02072921779595371,5.502650937057606e-16,6.252193607437166e-15
0.02247805833548725,6.070170548480067e-16,6.897017807121556e-15
0.024374441501222206,6.562997204336484e-16,7.456974762880727e-15
0.026430814869741057,6.975466145206838e-16,7.925628091044582e-15
0.0286606761694825,7.307556724627028e-16,8.302954332794393e-15
0.03107866187782014,7.542307474853339e-16,8.56968161691517e-15
0.03370064329271928,7.675201886630556e-16,8.720678218604376e-15
0.03654383070957257,7.717421540030315e-16,8.768648814979391e-15
0.03962688638701478,7.67849470617401e-16,8.724419569007215e-15
0.04297004704320839,7.556905069528656e-16,8.58626762048998e-15
0.046595256686646824,7.348280922544651e-16,8.349225770470705e-15
0.0505263106533568,7.055092465403067e-16,8.016100697031982e-15
0.054789011795939424,6.687257069765746e-16,7.598160664945825e-15
0.05941133984965034,6.262066689002796e-16,7.115053048097539e-15
0.0644236350872137,5.782824666150002e-16,6.570531153838025e-15
0.0698587974678525,5.25682314570281e-16,5.972880424896696e-15
0.07575250258771912,4.69242230648655e-16,5.331599820449166e-15
0.08214343584919426,4.098493098321506e-16,4.65676864525103e-15
0.0890735463861044,3.4925558532553897e-16,3.968293760428294e-15
0.09658832241158703,2.873454518541776e-16,3.2648616417044323e-15
0.10473708979594497,2.2572575194452403e-16,2.5647294721844464e-15
0.11357333583431052,1.6746387884585772e-16,1.90274942890811e-15
0.12315506032928256,1.136963635241387e-16,1.2918349452756324e-15
0.13354515629298988,6.686792686584748e-17,7.597633025888061e-16
0.14481182276745339,2.9868586851136465e-17,3.3937131377211e-16
0.15702901247293774,6.508083332291212e-18,7.39458080700595e-17
0.17027691722258995,0.0,0.0
0.18464249428955434,0.0,0.0
0.20022003718155845,0.0,0.0
0.21711179456945043,0.0,0.0
0.2354286414322418,0.0,0.0
0.25529080682395167,0.0,0.0
0.2768286630392065,0.0,0.0
0.3001835813575589,0.0,0.0
0.3255088599835058,0.0,0.0
0.352970730273065,0.0,0.0
0.3827494478516313,0.0,0.0
0.41504047578504744,0.0,0.0
0.4500557675700497,0.0,0.0
0.48802515836544313,0.0,0.0
0.5291978735958442,0.0,0.0
0.5738441648302396,0.0,0.0
0.6222570836730228,0.0,0.0
0.6747544053110693,0.0,0.0
0.7316807143427196,0.0,0.0
0.7934096665797492,0.0,0.0
0.8603464416684504,0.0,0.0
0.9329304026284686,0.0,0.0
1.011637979766207,0.0,0.0
1.096985797892384,0.0,0.0
1.1895340673703196,0.0,0.0
1.289890261253308,0.0,0.0
1.3987131026472386,0.0,0.0
1.5167168884709226,0.0,0.0
1.6446761779946644,0.0,0.0
1.7834308769319094,0.0,0.0
1.9338917504552302,0.0,0.0
2.0970464013232326,0.0,0.0
2.2739657523579275,0.0,0.0
2.4658110758226037,0.0,0.0
2.6738416158399465,0.0,0.0
2.899422853882875,0.0,0.0
3.1440354715915,0.0,0.0
3.409285069746811,0.0,0.0
3.6969127071950285,0.0,0.0
4.008806328898465,0.0,0.0
4.347013158125022,0.0,0.0
4.7137531341167245,0.0,0.0
5.111433483440165,0.0,0.0
5.5426645206631076,0.0,0.0
6.010276782070382,0.0,0.0
6.51733960488242,0.0,0.0
7.067181273927491,0.0,0.0
7.663410868007454,0.0,0.0
8.309941949353396,0.0,0.0
9.01101825166502,0.0,0.0
9.771241535346501,0.0,0.0
10.59560179277616,0.0,0.0
11.489510001873086,0.0,0.0
12.458833642950081,0.0,0.0
13.509935211980265,0.0,0.0
14.649713983072864,0.0,0.0
15.885651294280526,0.0,0.0
17.225859653987857,0.0,0.0
18.67913599020783,0.0,0.0
20.255019392306664,0.0,0.0
21.96385372416547,0.0,0.0
23.81685551976158,0.0,0.0
25.826187606826746,0.0,0.0
28.00503894183631,0.0,0.0
30.367711180354576,0.0,0.0
32.929712550971516,0.0,0.0
35.707859649004625,0.0,0.0
38.72038781812553,0.0,0.0
41.9870708444391,0.0,0.0
45.52935074866948,0.0,0.0
49.37047852839004,0.0,0.0
53.53566677410724,0.0,0.0
58.05225516094896,0.0,0.0
62.94988990221888,0.0,0.0
68.26071834272386,0.00028079077988205905,0.003190386486598845
74.01959996915645,0.0009058890876497788,0.010292846171121285
80.26433522257175,0.0016991329928873514,0.019305801072666995
87.03591361485165,0.002390967801066822,0.027166530772914237
94.37878277775381,0.0027397673609186766,0.031129643104274955
102.34114021054528,0.0026192462543352148,0.02976026441614523
110.97524964120721,0.0020635459718432955,0.02344631538759788
120.33778407775905,0.0012628542641635369,0.014348737450080732
130.49019780144016,0.0005044915734765198,0.005732108081677494
141.4991297434576,5.722599980877497e-05,0.0006502102973206961
153.43684089300132,0.0,0.0
166.38168860761274,0.0,0.0
180.41864093920717,0.0,0.0
195.63983435170647,0.0,0.0
212.14517849106278,0.0,0.0
230.04301197729168,0.0,0.0
249.45081352303166,0.0,0.0
270.4959730463137,0.0,0.0
293.31662783900424,0.0,0.0
318.0625692794119,0.0,0.0
344.896226040576,0.0,0.0
373.9937302478794,0.0,0.0
405.54607358408276,0.0,0.0
439.7603609302721,0.0,0.0
476.86116977144746,0.0,0.0
517.0920242896756,0.0,0.0
560.7169938205458,0.0,0.0
608.0224261649427,0.0,0.0
659.3188271333541,0.0013678398301305175,0.015541599021567067
714.9428986597577,0.005433096566654921,0.06173164900187652
775.2597488629465,0.01258283676500651,0.14296805755166778
840.6652885618316,0.022505192471252107,0.25570733472355167
911.5888299750818,0.03441336707758506,0.39100978076562565
988.4959046625586,0.04724535065259159,0.5368086813248065
1071.8913192051286,0.059836049178775774,0.6798660653729948
1162.322468679852,0.07105984917426565,0.8073925455834193
1260.3829296797273,0.0799428062819243,0.9083220217194058
1366.7163564620073,0.08574463968934691,0.9742433133954133
1482.020705798857,0.08801152495521002,1.0
1607.0528182616385,0.08660130897379503,0.9839769168625057
1742.6333860096508,0.0816832339043924,0.9280970184979962
1889.6523396912078,0.0737145689761623,0.8375558657082287
2049.074689815846,0.06339673030346608,0.7203230524153438
2221.946860939524,0.051613540519623545,0.5864407024635718
2409.403560239527,0.03935426317149529,0.4471489749952985
2612.6752255633264,0.027623961122080914,0.3138675433261614
2833.096101839324,0.01734359145134104,0.19706045839073205
3072.112998861759,0.009242077014615513,0.10500984978182008
3331.2947879346702,0.003742400008111895,0.04252170394748235
3612.3426997094302,0.0008435563523661728,0.00958461238792837
3917.1014908092607,0.0,0.0
4247.571552536894,0.0,0.0
4605.922041145103,0.0,0.0
4994.50511585514,0.0,0.0
5415.871378079476,0.0,0.0
5872.786613189477,0.0,0.0
6368.249944718586,0.0,0.0
6905.513520162331,0.0,0.0
7488.103857590015,0.0,0.0
8119.844993184009,0.0,0.0
8804.883581643464,0.0,0.0
9547.716114208066,0.0,0.0
10353.218432956615,0.0,0.0
11226.677735108136,0.0,0.0
12173.82727739662,0.0,0.0
13200.884008314168,0.0,0.0
14314.589375234786,0.0,0.0
15522.25357427048,0.0,0.0
16831.80353330955,0.0,0.0
18251.834943190424,0.0,0.0
19791.668678535574,0.0,0.0
21461.41197858406,0.0,0.0
23272.024789604075,0.0,0.0
25235.391704347658,0.0,0.0
27364.39997074672,0.0,0.0
29673.024081888667,0.0,0.0
32176.417502507353,0.0,0.0
34891.012134067736,0.0,0.0
37834.62617131925,0.0,0.0
41026.581058271906,0.0,0.0
44487.82831127585,0.0,0.0
48241.08704165374,0.0,0.0
52310.993080562585,0.0,0.0
56724.26068491978,0.0,0.0
61509.857885805046,0.0,0.0
66699.19663030114,0.0,0.0
72326.33896483533,0.0,0.0
78428.22061337682,0.0,0.0
85044.89341802686,0.0,0.0
92219.78823334322,0.0,0.0
100000.0,0.0,0.0
