element_id,node_0,node_1,node_2,area_um2,edge_min_um,edge_max_um,edge_mean_um,quality_equilateral_normalized,aspect_edge_ratio
0,336,337,335,156.76422803596668,15.510762683884767,22.946838004121016,19.733015313620115,0.9070828281178318,1.4794139058011708
1,335,338,334,183.74999999999977,15.510762683884764,26.418263835242165,21.976342173042298,0.8405746208751784,1.7032214581356455
2,338,335,337,183.74999999999997,15.510762683884767,26.418263835242165,21.976342173042312,0.8405746208751784,1.703221458135645
3,14,43,376,52.37041202517769,8.2016097301197,14.574905669905272,11.867155503634706,0.8168716425012126,1.7770786649820944
4,22,572,543,509.284846259133,30.236117427264563,41.82873234214646,35.39618310144906,0.9216717118372744,1.383402893667445
5,410,421,312,140.9209200037654,17.137548562348396,19.820655386392442,18.163350153654594,0.9823015667011232,1.1565630471757726
6,410,305,306,143.44394961837753,15.583969645826384,23.99999999999997,19.331358185805627,0.8583655549870428,1.5400440674258835
7,313,305,410,115.55765632352339,15.376231783464938,18.410104911590526,16.516128628448964,0.9718430946449195,1.1973092738747675
8,305,313,304,183.74999999999997,15.376231783464938,27.300178121200332,22.225469968221756,0.8172525345634772,1.7754790969370005
9,309,310,447,142.4464335447688,15.745991222072856,22.610790831989252,18.860442865300826,0.9043172216785365,1.4359712585317121
10,421,444,312,127.3430015373151,14.576614108324572,19.820655386392442,17.544031224920904,0.9407293479330336,1.3597571589051702
11,446,311,444,99.68132984379197,12.679651305510735,17.109923386451438,15.531430052729766,0.9384323108411278,1.349400151013242
12,298,299,541,313.66215440558756,23.999999999999932,29.41086472331123,27.1953449115872,0.9723810024288414,1.2254526968046382
13,465,562,239,334.7138356680432,20.555130081713187,36.15553051435695,29.879183529783564,0.8241061943524949,1.7589541088101706
14,482,30,539,453.5963577890934,30.031848327019077,34.690472368120304,32.532938524990875,0.9863169647159465,1.155122787994036
15,538,537,562,247.14742133780604,22.374442308450007,27.156696260602633,24.19415456664356,0.9676863715550377,1.2137373475604594
16,360,358,359,254.94696834422453,21.42338733227154,34.1639232438494,26.529103525373646,0.8020962694393888,1.5947022155728805
17,352,353,453,218.17468956816523,19.7944318317791,24.333544968364794,22.709325600047965,0.9689844968300881,1.2293126256495195
18,443,475,485,313.2222903002594,24.350406222461327,31.97231147515058,27.534243587644706,0.94113028248402,1.3130093676079475
19,486,33,540,372.12261066483495,26.8552220446651,31.60320592238014,29.508888526055724,0.9824991285042839,1.1767992783607704
20,468,99,515,487.7165367807464,30.94719375945319,37.567369074854284,33.91288628549811,0.972968434204119,1.2139184368979783
21,277,278,500,250.84241717769692,22.135570053681565,26.840564551734488,24.310314946600617,0.9740252121704731,1.2125535726725227
22,457,545,278,521.0131944779775,29.772784493483098,38.54798260565282,35.29194891615821,0.9542490555365573,1.2947389121125203
23,222,513,221,449.4828441580524,24.000000000000057,41.4077139991353,34.46626290160241,0.8340050257863467,1.7253214166306332
24,355,488,354,210.28520637495774,20.498168612380137,24.401402795415226,22.22452181615154,0.9779745446911806,1.190418678704676
25,475,408,485,216.89481067287977,17.383930592511202,26.574715809892457,23.412886489241956,0.8844273746955034,1.5286943115926004
26,502,428,166,406.52223485533716,26.769786770768455,33.59236219347394,31.058016073071723,0.963986463654014,1.2548610297544642
27,269,426,476,210.1088207919507,20.707155935520756,23.177535086766174,22.098608360443794,0.9914409567309952,1.1193007460289495
28,424,488,356,173.47980781589786,18.000640979599925,21.476269020130168,20.184835307616144,0.9775400718502533,1.193083570994453
29,304,313,314,183.74999999999952,15.376231783464934,27.300178121200332,22.225469968221734,0.8172525345634768,1.775479096937001
30,450,425,255,161.529644882553,17.423607954912423,20.53699762330255,19.465479289572716,0.9791216359430087,1.178688000582126
31,326,563,325,227.16839191129787,19.37053261991059,32.13226370488801,25.033535288096132,0.8011318436301901,1.6588218989838146
32,253,489,454,245.05169904615926,21.23052507184456,27.411463921328753,24.20361706648192,0.9556115027223601,1.2911345258097837
33,255,425,254,203.55413732741067,20.435832290503182,22.590800475013577,21.74012387295424,0.9927737370776553,1.1054504731628592
34,489,450,454,190.51342743167143,18.93764478898513,23.968862206272455,21.292316539636698,0.961406906531644,1.265672815883297
35,251,454,257,216.4280064948655,18.491161390704068,27.24086960752726,23.193578660713445,0.9072505474965824,1.4731832702094023
36,555,24,493,248.38217299187548,23.670557761550306,24.260790140492592,23.953902499280815,0.9995927026167225,1.024935296619881
37,432,515,480,793.7842236213523,40.416458862594624,44.97343830043589,42.938351151545845,0.9923588479825364,1.1127505864215814
38,560,92,93,221.5910119757587,21.151612325195007,23.999999999999943,22.71189452269556,0.9894108963468106,1.1346652742595913
39,27,516,556,298.8088157414216,24.555527792089954,30.29765485066476,26.682077427397456,0.9603809040164663,1.2338425427949673
40,564,547,503,439.19622938839905,30.824533237046154,32.51581998368751,31.873588827192908,0.9978308443403199,1.0548682029873755
41,263,525,262,450.83432531005184,28.41543474732559,35.66969145487508,32.684622339379516,0.9659308481372819,1.2552928284242508
42,490,525,455,305.9892292602408,24.10730837009985,31.724117579952193,27.24018947533015,0.9389351253525624,1.315954360931452
43,455,264,265,198.12654401570464,19.201080263362776,23.402363115487468,21.599060744065394,0.9742687194250461,1.2188045044601516
44,300,487,299,418.2049358412964,24.000000000000032,37.44150836625616,32.595338257542714,0.8783247965459083,1.5600628485940045
45,272,545,457,422.9011944705628,29.772784493483098,35.17812599822232,31.586238493266166,0.9726203719677697,1.1815531061907356
46,486,540,559,396.90517078342987,26.8552220446651,32.6149523567179,30.596691110627535,0.9718417188720575,1.2144733825873166
47,515,101,480,611.8359403277063,35.95769895527847,40.416458862594624,37.743741901335916,0.9892725416052689,1.1240001456395092
48,288,487,287,361.38029041687156,23.99999999999991,43.5891645978196,32.875774684277566,0.7279550946689859,1.8162151915758233
49,61,428,502,374.8232592633023,27.809739595132143,33.59236219347394,29.81811961508839,0.9658184782079537,1.2079351580607391
50,344,477,343,268.013544576876,24.000000000000025,26.074825794628705,24.924339183308366,0.9951525138533962,1.0864510747761948
51,492,459,164,190.1853755454155,19.457585133336337,22.12596122451204,21.047984851546648,0.9884741430790153,1.137138091540662
52,191,192,496,374.5950321502507,25.585389486087095,32.02346292858037,29.831673702363243,0.9623368473532056,1.2516308554143447
53,506,477,349,260.23928209469364,24.325604310276272,24.69375107846276,24.516624175826376,0.9998491602829264,1.0151341263094937
54,193,496,192,281.34634620828894,24.000000000000032,27.183588650380848,25.58965937882266,0.9896753660282968,1.1326495270992005
55,127,128,469,368.93017083784537,24.000000000000114,39.87506868577995,31.55026736262576,0.821036362261234,1.6614611952408234
56,97,98,514,252.100561483773,22.284676359273465,26.754546630502837,24.346407663258734,0.9766224850944867,1.2005804436719718
57,128,129,559,353.2297960782306,23.999999999999954,33.019078748270644,29.270615343815365,0.9360454385078785,1.3757949478446128
58,129,524,559,385.05154920164625,26.955439598673024,33.019078748270644,30.126154611879297,0.9731729464738766,1.2249504827180087
59,288,541,487,546.3656593316139,28.531396706267042,43.5891645978196,37.06327075673014,0.8926697402757088,1.527761330669278
60,538,562,465,361.76358319084756,22.374442308450007,36.155108643029074,30.485480314919883,0.8666605610585908,1.6159110535405217
61,432,29,527,456.4996411926924,29.036010509336894,41.17689340983106,33.917291628480776,0.895110128972746,1.4181319226548053
62,449,453,488,154.2780945033393,17.99991069754082,19.887772863150225,18.92318304056133,0.9933319257132697,1.104881751767098
63,356,488,355,202.1403110272464,18.000640979599925,24.401402795415226,22.13401459167172,0.9364858197879649,1.3555852162747575
64,533,570,467,287.8935799770678,20.396606946180444,31.458089323915146,26.94208338185364,0.8884630474102013,1.542319730282694
65,488,453,354,208.07117404712403,19.887772863150225,25.101419600365382,22.254395501391617,0.9612244033810259,1.2621533729840333
66,373,374,372,163.85324701827426,16.334319624141454,24.0,20.214830427746815,0.9043230904273724,1.4692990312574137
67,375,372,374,13.212650307910005,1.9352903476760162,21.781727586575307,14.675729864450105,0.10277393139946803,11.255017942259562
68,104,539,480,667.935835677709,36.19653389846292,42.68069790695643,39.54162232466598,0.9821486452240046,1.1791377049162397
69,221,553,220,246.73437640261653,22.175623126945588,25.866070760742705,24.013897962562783,0.9842320435462337,1.1664191176352043
70,389,499,496,402.18200201129105,30.17299705150442,30.662788150443482,30.478528028861344,0.9997971360548996,1.0162327626288832
71,320,321,497,452.4637582662632,30.501222540888445,34.93644497831299,32.48704348259394,0.98689670470845,1.1454113005299673
72,565,503,547,335.1125575815327,25.316081976517708,32.51581998368751,28.359226881018554,0.9513270324635138,1.284393849484609
73,322,497,321,333.21650883792165,22.946838004121005,32.08053954040515,28.509533361804866,0.9286209943085874,1.3980374783943579
74,201,196,511,374.3871714627375,28.393343271205474,30.297244917270383,29.435545822796,0.9971609594358813,1.067054507385036
75,323,315,316,267.01541768632484,22.221446494541922,31.58822889427212,25.967815128963164,0.8927756558494647,1.4215199222980774
76,317,322,316,371.8727866901755,23.116204884349614,34.673339295821094,30.51305144487549,0.8959446277905989,1.4999581232858867
77,407,34,443,611.2281035413191,34.55578474825225,42.50642299559512,38.03549827257594,0.9683376812104735,1.230081252828298
78,330,331,456,412.95753081675764,23.3381572396592,37.33843615085377,32.622026603905695,0.861273819293489,1.5998879331999483
79,561,225,226,300.17770726017676,22.829008733152243,37.534946295571146,28.985785790691015,0.7885851540779122,1.644177665982622
80,491,498,456,612.8670014992699,32.002579108422275,43.70642738209564,38.514731812663314,0.9391337690711086,1.3657157829067972
81,223,224,533,250.6822147594103,22.89683173587881,25.50157390454667,24.132801880141788,0.9921067730120722,1.1137599384366481
82,324,325,563,261.6538320953131,23.5978095394898,26.452511981174474,24.683440506888086,0.9891950415675878,1.1209731961310845
83,282,476,281,198.52374096922404,19.253963593579186,24.0,21.67451050165252,0.9681715836854047,1.2464965919019149
84,333,563,542,389.9644442324214,27.11682416351765,37.40287614799005,31.153208227019235,0.9091250770738433,1.379323622945161
85,498,328,329,331.7064307471935,23.116204884349614,31.670897105436673,28.36268435278242,0.9358911137095115,1.3700733863489352
86,563,491,542,341.8210438965881,26.458352180778274,29.117469712253286,28.17191542086052,0.9927957274116851,1.100502008337724
87,409,485,408,141.33854880804222,17.383930592511202,18.886242652814563,18.09848130706929,0.9953452027627091,1.086419584587535
88,498,491,328,398.88282790821756,27.87191928062464,32.002579108422275,30.51513183149453,0.9855518578327124,1.1482014850218476
89,318,319,497,432.6757742256614,29.994292362623163,35.57981546259104,31.94916801030554,0.9726177681899915,1.1862195324510532
90,424,449,488,149.85781381198265,16.475932811483876,21.476269020130168,18.944689130868998,0.9532083917174374,1.3034933600336736
91,306,307,421,182.69168081057882,16.683741815410915,24.0,21.21190160289143,0.9164351434881602,1.43852621705228
92,477,348,349,262.50916512222796,22.496436156336124,27.43673542443998,24.875640886412953,0.9732808663653065,1.2196036400508896
93,445,444,421,103.4110679623498,14.576614108324572,17.510290647689654,15.639087791607333,0.9694536410804183,1.2012591207782393
94,124,469,483,462.5344384403084,27.968730707802735,37.5679938252159,33.37838581629966,0.945107068318954,1.3432141135648732
95,487,285,286,324.52347358333725,23.588929896638163,32.632324016986566,28.13076883358544,0.931032830350971,1.383374496425853
96,399,441,442,131.82894971116062,15.803245094412189,18.638250827434472,17.57708798000058,0.9803521124288745,1.1793938976511036
97,491,327,328,292.03452237947823,22.22144649454195,29.300250138645307,26.4645386379373,0.9502772741213751,1.3185572841012874
98,476,426,280,290.59001119398124,22.41113405904445,29.07443772601052,26.341196662299676,0.9560014332402558,1.2973211283914017
99,240,465,239,405.20486581130996,22.483725193137257,41.05238178839973,33.23054583196465,0.8025474253605134,1.8258709993898259
100,282,268,476,232.28434896550056,21.76956791137837,27.214808259249896,23.62521443126201,0.9501269920534302,1.2501308418264674
101,331,332,456,406.2560694590978,24.0,37.189486421204116,32.04044238540259,0.8852993516227324,1.549561934216838
102,388,267,258,65.88117943264128,7.741161390704053,17.72601516650718,14.238535900265324,0.679581940773608,2.2898392465752497
103,450,256,454,174.27400926920689,17.619169044697003,22.472030099386572,20.353880589245364,0.9619331819153977,1.275430756262037
104,490,261,525,421.2679356988335,30.67264576359108,31.724117579952193,31.19983153250621,0.9992428896516311,1.0342804407701023
105,490,455,265,277.0097786322441,23.402363115487468,30.2618636478738,25.923845044487038,0.9386518398987317,1.2931114477002015
106,259,388,258,132.4936819361634,17.185071074749743,18.087971161117707,17.50715779315073,0.9977537299865249,1.0525397935475873
107,116,438,523,289.35156393368584,20.927848481403284,35.30995212766227,27.969757529956194,0.8180797799459292,1.6872232307606336
108,68,451,67,242.314244650702,21.2872870381908,26.56570506601993,23.95099736807022,0.9676733998638332,1.247961049163254
109,86,87,549,252.0935111692541,22.645149645314383,35.51021617293287,26.992852403855107,0.7611335258153501,1.5681157655887012
110,422,284,285,244.48364929308195,23.569414287445742,23.99999999999991,23.763554543530514,0.9997742013380556,1.0182688338073602
111,302,422,301,231.08007631927543,22.23975102298432,24.770151456579423,23.187136650681026,0.9902472184758181,1.1137782716623037
112,445,421,307,174.9520342900203,17.510290647689654,22.951962993263376,20.463514953695764,0.9533638645245147,1.3107699612223003
113,231,232,431,222.81427210781408,18.91772025484195,27.569018596725517,23.495579617189165,0.911313759050047,1.4573118867041754
114,79,80,411,284.3804864102269,24.0,28.86365562745784,25.909132360143527,0.9718492610616964,1.2026523178107433
115,119,439,118,219.63258163217603,21.38775175493179,24.000000000000114,22.599853761213183,0.9908408284428464,1.1221375801907727
116,50,51,459,228.8461412051798,20.95903115723873,24.452787368969094,23.137272842069283,0.9828124955588297,1.1666945473538126
117,34,33,486,289.6728938436035,19.323054079282638,34.49038214557255,27.960557945325707,0.8134816205231321,1.7849343071782675
118,109,110,437,333.82065477942103,24.000000000000032,33.65751804021569,28.64373660707429,0.9220754014892081,1.4023965850089852
119,187,389,195,86.21741792748927,7.741161390703972,22.650297820812813,17.65373981808228,0.5518812547794413,2.9259560261865336
120,195,389,194,223.84911621935498,21.733642816688352,24.0,22.794646879167058,0.9932655710094412,1.1042787535631813
121,448,422,285,217.33246602708,19.902136475597686,24.295930240496507,22.63977201974669,0.9720083522540498,1.2207699545365955
122,190,499,189,276.0966870679888,23.013877786301617,33.62263558515568,26.878837790485765,0.8554343205504723,1.4609721967485478
123,415,394,83,111.91664046819227,15.203048829744475,17.18324446385994,16.139157762481517,0.9897700613699368,1.1302499029169235
124,187,188,389,247.36251751968274,22.221446494541972,28.956492033213213,24.582566256828414,0.9305588224292844,1.303087629346069
125,423,84,85,326.78288367187207,23.999999999999993,33.69954266718721,28.41520882445379,0.9164411258610309,1.4041476111328008
126,350,351,413,252.46559591286405,22.890944038911243,25.826829732958487,24.239257923956583,0.9898770295046633,1.1282553349069688
127,266,388,490,264.667726097401,21.920060065966286,27.180981369530393,25.010136434673864,0.9693622961889683,1.240004876251793
128,270,426,269,195.83162418315536,17.935456493338506,24.088732852178527,21.733908144094404,0.9427545892305026,1.343078881829712
129,279,270,457,498.64828675715256,30.84124865851494,36.97942340672904,34.21195191614455,0.9784690054448639,1.1990248454651793
130,270,271,457,327.68315013473733,24.000000000000032,30.84124865851494,27.935960197686146,0.9594324392112666,1.2850520274381207
131,419,403,13,103.00558330823118,12.763996627972892,17.924195155422094,15.858507653891357,0.9275587593546758,1.4042776473428695
132,281,476,280,216.93685782514805,19.253963593579186,29.07443772601052,23.62663626402302,0.8714920579884736,1.5100494807056903
133,273,274,501,276.3166089506849,23.483900742467362,30.101036472080573,25.86164573818264,0.9413894761196234,1.2817732795832781
134,451,66,67,235.93864056530919,21.2872870381908,30.138097290040818,24.53649564864112,0.8818739299257624,1.415779156638001
135,271,272,457,320.35575876473376,22.177644618736423,35.17812599822232,28.774134183834068,0.8641479136355321,1.5861975698042636
136,234,235,430,236.97642370651224,20.282240849663037,27.66589277810584,23.98271120925629,0.9367001746841048,1.3640451754405367
137,500,276,277,248.96516988879617,22.135570053681565,30.273396205702447,24.993863929503657,0.9002580561483298,1.3676357162831416
138,387,396,394,101.9828139116822,11.863872014841,19.315802268781816,16.213940568280684,0.8629413939028658,1.6281195755162305
139,415,395,394,90.00909928353796,11.8225715304807,17.18324446385994,14.904650755691785,0.9146629763957108,1.4534269824089006
140,266,267,388,186.42541488599704,17.72601516650718,24.0,21.21535841082449,0.9422868256941747,1.3539422015923432
141,275,501,274,346.8861777087849,24.811005144053905,31.123676208827717,28.67857260832073,0.9650475031281311,1.2544302831796672
142,44,43,403,132.03099431802445,12.50488212722439,24.000000000000025,19.216731515263263,0.7755323609279381,1.9192503980305105
143,301,448,300,242.6720014347984,22.723593833670954,24.39069493187458,23.704762921848516,0.9964517950039954,1.0733643239007986
144,269,476,268,239.55080851339662,20.707155935520756,27.214808259249896,23.97398806492352,0.9508572058529464,1.31427069675783
145,235,464,430,227.6139897039765,20.282240849663037,26.611944104344804,23.37430454154593,0.950466636756118,1.312081061535512
146,563,326,327,331.5246274624585,23.999999999999954,32.13226370488801,28.261145819834855,0.9454582804042629,1.3388443210370031
147,469,540,483,442.06676638438586,27.167696701082065,36.012666740963645,32.59293211930868,0.9476124429549841,1.3255693751737627
148,56,58,59,176.17956735209734,14.87934525461806,26.102712965502125,21.660686073373395,0.8254341194678743,1.7542917728453609
149,56,57,58,133.06071615116247,14.87934525461806,23.99999999999996,18.933313108879805,0.8241721661824892,1.6129741994225955
150,78,564,546,339.83347288715066,24.879901032888913,34.687551855790105,29.0363623343077,0.9122969770314115,1.3941997522392227
151,55,56,59,287.6808579027915,23.999999999999957,27.59892776185259,25.900546909118223,0.9871518994417325,1.1499553234105266
152,491,563,327,364.6442124245492,28.6511737546166,29.300250138645307,29.022964535171734,0.9996469451758982,1.022654443046129
153,59,60,55,330.7997091037263,23.999999999999993,37.440078641608615,29.679668801153735,0.8366055209004611,1.5600032767336927
154,406,390,160,89.85400181820746,12.661783391989347,15.956415153723244,14.59770996193663,0.9648489292985217,1.260202821335444
155,391,163,384,27.43501522745408,6.890863793287603,10.04254593142081,8.311136574902799,0.8951600544662982,1.4573711268539749
156,390,162,160,44.84348296405136,7.698548261619749,12.661783391989347,10.775911403573344,0.8563358864255357,1.6446975405886914
157,163,391,390,34.73203350159868,7.999999999999988,11.873706031878482,9.519092092605506,0.8582017849103338,1.4842132539848125
158,399,393,402,136.2174457494396,15.754416687433343,19.789044747422167,17.963806317976132,0.966497873963175,1.2560950456012174
159,513,245,552,587.5107106615354,34.48912626686418,42.5065498069935,37.41729373691293,0.9601555112662844,1.232462355760869
160,249,552,512,284.3314191126566,24.052816141919898,29.799542227792877,26.074268509343085,0.9560471411381682,1.2389211330584042
161,64,451,458,431.49068036909904,26.771702165025328,36.512096612452765,32.30819771706241,0.9396191995897897,1.3638317200522398
162,443,486,524,441.78901714015467,30.16434984472461,33.12126798902277,32.02054705957975,0.9933888820468345,1.0980269145371713
163,461,527,556,534.766794785421,32.440001311659714,39.34055755694297,35.509769785286764,0.9730701137308934,1.2127175082080848
164,528,298,541,362.053498687781,26.22350177483733,34.46407415007956,29.620915312122438,0.9397200152722568,1.3142437820089095
165,68,69,458,296.2152211174342,22.58386336898146,31.19146127717723,26.873935913513765,0.9312817161354567,1.381139301436713
166,60,502,55,514.7125575545992,29.115147657925846,39.145761912908085,35.23366273748085,0.9429355366060652,1.344515314599535
167,564,503,546,351.3163404709375,24.879901032888913,32.28041326084507,28.958597160058172,0.9567408703801593,1.2974494238611871
168,76,77,548,342.9392088414293,23.999999999999932,32.83597545410471,28.82245359590453,0.9382882494417153,1.3681656439210335
169,70,71,503,360.1361210516616,24.0,33.61723975476777,29.635685137658715,0.9292130337076755,1.400718323115324
170,79,521,78,341.858859270522,24.0,30.973960209364634,28.608529049874857,0.9522591634892714,1.290581675390193
171,428,167,166,209.8765722638174,18.36603114003206,26.769786770768455,22.80520866678646,0.9111372281481452,1.4575705859726493
172,70,565,69,232.52655274387052,20.87625024967478,25.27755873914195,23.384602996272246,0.9759012345940468,1.2108284982613549
173,61,502,60,308.7353294411672,23.77833743840255,29.115147657925846,26.981914050995826,0.9722507575199015,1.2244400069327064
174,55,502,54,271.23970391452247,23.964160821970385,39.145761912908085,29.036640911626165,0.7004971227375097,1.6335127361113009
175,54,502,53,271.23970391452235,23.964160821970385,27.715903955318474,25.226688259096292,0.9795415594193232,1.1565564161090292
176,94,527,461,505.78158018173485,31.44354565680633,37.015902607702834,34.4027329172556,0.9825615251263581,1.1772178307025722
177,52,53,166,280.4241132645482,24.000000000000025,28.759571701749664,25.74100907487183,0.9706539032006772,1.1983154875729014
178,72,73,504,246.05870780733704,22.641472487651914,25.055380903341987,23.89895113033131,0.9932046158537959,1.1066144623326313
179,166,165,52,176.64724958085276,18.041573920154242,24.4634555228658,20.792211520079373,0.9279732875474459,1.3559490780090795
180,563,333,324,423.5128399773534,26.452511981174474,37.40287614799005,32.219517075159075,0.9242225662245992,1.4139631115036881
181,167,164,165,158.30539874183043,14.620580695352002,24.89254422744888,20.431617503125384,0.8386108336696447,1.7025687793209483
182,459,165,164,212.33770983752495,21.781727586575276,22.545264730572228,22.150984513886513,0.9992039810699012,1.0350540213563015
183,165,459,51,191.28182425760846,19.820609864008812,22.545264730572228,21.108301917273256,0.988669896324674,1.1374657432469306
184,165,51,52,175.21982521233662,18.041573920154242,23.99999999999996,20.62072792805434,0.9378868949913062,1.330260880021646
185,495,459,492,276.2024926585604,21.56040819679157,28.19875854852145,25.728145341168254,0.9510082418668669,1.307895392848719
186,167,165,166,180.29877536493115,18.36603114003206,24.89254422744888,21.04339349489967,0.9240407829596259,1.355357836304171
187,53,502,166,376.86585629832246,27.715903955318474,32.81189925497277,29.762458304013638,0.9772066051772876,1.183865383134163
188,399,154,155,153.7404007949897,14.7496481317562,23.19533906977105,19.76287422422536,0.8794660258509666,1.5726028758497066
189,68,458,451,355.83360757277825,26.56570506601993,36.512096612452765,29.97476159095176,0.8933484518269784,1.3744072111662196
190,66,451,427,249.82232818172236,20.859211879633893,30.138097290040818,25.029272254571804,0.8997047948606492,1.44483394022506
191,468,479,95,409.51921337539375,27.297670561184937,33.654935059835395,31.0955981637366,0.9705523219846368,1.2328867030760482
192,156,157,158,167.53970382340037,15.854570521452441,23.11620488434968,20.359820208523242,0.9107341170817448,1.458015204705274
193,513,532,554,363.4513293792716,27.41908129431838,31.964695442163382,29.188641610421154,0.9806383153491437,1.165782875766407
194,154,442,153,190.5404425576603,19.000194487256305,24.907612457051098,21.468658518895836,0.9418734201464828,1.3109135526879465
195,503,565,70,329.34358740017166,25.27755873914195,31.28981565820838,27.93771769340026,0.9667078938565108,1.2378495874981998
196,399,155,393,73.22052764160667,10.24262437143668,15.754416687433343,13.58222973020874,0.8889393780584215,1.5381230548068563
197,568,552,249,300.8597320005426,23.628346891945057,29.799542227792877,26.7223558266853,0.9644297605551079,1.26117761704064
198,62,564,521,497.09934801385117,29.221850340866343,38.83004726207669,34.55326963033691,0.9488630955254967,1.3288017975977866
199,460,572,550,457.7755807088603,30.51283435034944,36.81410302981898,32.90206949880109,0.9696091239397776,1.2065120731531576
200,44,403,419,129.27803223324227,12.763996627972892,21.335442718886906,18.414917255141727,0.8408061163924663,1.671533089575509
201,513,552,553,372.83239477360553,27.538647241138538,34.48912626686418,29.933454633122604,0.9499354908884251,1.2523899944999002
202,456,542,491,434.7078243127902,26.458352180778274,39.83518894747203,33.129562050630376,0.8904754730457517,1.5055808719793173
203,432,527,479,638.2000863509829,36.9481740123623,41.17689340983106,38.5352994727315,0.9901608463310857,1.1144500238646136
204,505,572,551,498.487128549976,29.087095802769063,39.43205684428074,34.703788181439215,0.9416177335507211,1.3556546556472249
205,14,13,403,152.1056326455835,16.99895859021974,24.000000000000025,19.641051248547285,0.8883678873651062,1.4118511950378123
206,14,403,43,79.79001815819866,12.50488212722439,16.99895859021974,14.109597276107756,0.9065052806613622,1.3593857516826402
207,88,89,550,259.5455684629319,22.0239766804331,29.354602481170087,25.126193053867727,0.9352157565354705,1.332847510107009
208,111,112,558,365.0613920072565,24.0,32.93119983933964,29.805254136406102,0.9313287638024972,1.3721333266391518
209,471,170,171,354.3105333309428,22.67425319687821,33.36698495748098,29.722545862427626,0.9008746131560126,1.4715803280381001
210,529,466,561,345.69763514338973,25.60800358184959,31.753688062381762,28.596079244736433,0.9688238705571357,1.2399907693268248
211,278,544,500,294.96548681412037,21.97939594496481,34.60065283519293,27.80687111063074,0.851238443421584,1.574231290151515
212,467,554,532,306.0292320440779,24.36000852414795,28.467091197490948,26.748727005319093,0.9835967971732856,1.168599393931725
213,458,565,547,363.17012269340114,25.316081976517708,33.675844873500736,29.564630033289916,0.9469147360583506,1.3302155090482501
214,569,493,460,588.0182741632511,34.04918150234718,40.504647298546494,37.14015939426213,0.9795118002388414,1.1895923928671914
215,0,3,4,116.2623792243955,15.185290347676016,23.372095235707587,18.022716089089492,0.7916889562564998,1.539127319964909
216,2,3,1,183.74999999999886,15.510762683884648,26.41826383524217,21.976342173042283,0.8405746208751745,1.7032214581356584
217,1,3,0,183.7500000000013,15.510762683884874,26.41826383524217,21.976342173042354,0.8405746208751819,1.7032214581356335
218,460,493,543,508.33058274841767,28.310887240635456,41.089587887094005,35.42237483654072,0.914993001890032,1.4513705465265991
219,551,566,505,502.941683627547,30.51140592289958,39.43205684428074,34.69507365696694,0.9542624152942155,1.2923710216409918
220,556,555,569,394.03289873275355,27.62783914311498,35.43605496801871,30.780779275384372,0.9491353936594841,1.2826213003650553
221,21,551,22,368.8618451644934,22.68109476721304,34.88188603721218,30.538258207438194,0.8840583402477938,1.5379277938398352
222,154,399,442,165.39814808729494,18.638250827434472,21.343635471148833,19.66069359527987,0.9845090502304075,1.1451522821944313
223,72,504,548,285.7477510323254,23.244635441745288,30.719817400221384,26.339944581769554,0.937458871309573,1.3215874035628599
224,364,365,401,120.29301174809159,13.726605239748972,24.000000000000114,18.485197628146803,0.7725837426000007,1.7484293880982198
225,72,548,71,359.380361700144,24.0,34.51560755054322,29.74514165025487,0.9184170561286005,1.4381503146059675
226,378,381,383,29.13034979167971,6.003227519439165,10.170983278899845,8.773448085264567,0.8324860656620109,1.694252507666083
227,50,459,495,297.0084166085088,24.452787368969094,27.42526927819174,26.283855237137217,0.9904123972679766,1.1215600440297766
228,492,80,81,198.49105232402968,20.204840574911014,22.205909824168202,21.464284313949253,0.9932364375692444,1.0990391011420293
229,77,78,546,261.4933056582507,23.258196543510653,27.54163411424409,24.819408447870085,0.9744373582051653,1.1841689471804113
230,411,80,492,237.49730309878203,20.204840574911014,26.44447540565647,23.83768581118007,0.9534568455466075,1.3088188104039487
231,73,74,75,207.24411867554096,18.6370311017068,30.090996050080083,23.675963006352504,0.8204313533585521,1.6145809858805418
232,123,436,484,212.83474301227074,18.401900465429428,26.044677831391382,22.818791645998576,0.9254040032785226,1.4153254377350857
233,77,546,548,308.33878284175375,23.658394685855505,32.83597545410471,27.606684743757384,0.916459913365439,1.3879206890455738
234,504,75,76,242.84307558824196,22.632120836310126,24.532097203029483,23.721406013113207,0.9955205078995125,1.0839504340075414
235,391,159,162,56.78572765605612,8.334319624141498,16.30145173838025,12.758828527556917,0.7547434189454366,1.9559427132073102
236,398,163,390,57.68489645960368,10.033271265764306,13.499826707617338,11.802268001753376,0.9428066800137905,1.3455060019837866
237,504,73,75,254.4680466809467,22.632120836310126,30.090996050080083,25.121529791347374,0.9133246758203357,1.3295703159114995
238,468,515,479,597.3371263188834,33.654935059835395,41.42763658133382,37.5499802386745,0.9714244343235928,1.2309528010581294
239,396,49,495,352.86759800836023,27.032761539952567,32.27628993513966,28.876589168149426,0.9705384535721462,1.1939693947818655
240,495,82,396,361.5258390659108,27.16722502779714,32.27628993513966,29.16982619482565,0.9755441242672505,1.1880598736939452
241,446,310,311,137.9136915206956,16.134807371541005,24.0,19.081576919330814,0.8462578599676852,1.4874674018316343
242,394,396,83,145.55913654856764,15.203048829744475,22.959540862724676,19.159463987083655,0.89136199896563,1.5101931934734547
243,415,423,400,167.57201123676006,14.22406723205635,25.77424639195327,21.286924770795817,0.8084472048001328,1.812016631492477
244,380,379,377,3.814510572956939,2.752976285703742,4.0000000000000435,3.1757624321533746,0.8449921620123704,1.4529729227135444
245,521,79,411,378.76032624106324,28.86365562745784,30.973960209364634,29.623406471445886,0.9957272408762412,1.0731128658526286
246,162,390,391,36.18348354983928,8.334319624141498,11.967402557110937,9.661764142396827,0.8701855285482331,1.4359183588838753
247,386,383,381,38.05451905036837,8.565935078345438,10.146133457454688,9.441377040574897,0.9811635066534455,1.1844747087920346
248,19,416,18,274.0279246605606,23.116204884349592,27.663054498568165,25.363538735354297,0.9784838293100404,1.1966953328613614
249,87,505,549,526.2023296227109,30.78573020312699,40.21151997723409,35.502488784431314,0.9529324945134673,1.3061739874907918
250,505,87,88,415.65792818777527,24.0,40.21151997723409,33.01124032306199,0.8456081666551133,1.6754799990514204
251,88,550,505,382.39081514628543,26.792425929887386,34.82220099195187,30.32307646766978,0.9488447627061538,1.2997031729443782
252,90,460,89,375.34256919980896,22.467977903794047,35.27355469354852,30.98897090128021,0.8697559911215249,1.5699478984974462
253,92,560,526,238.58546481771958,21.151612325195007,26.47480752178296,23.77879867484035,0.9663831873328145,1.2516685307364093
254,418,369,370,353.88782353434,27.827314942305023,30.24310205386679,28.656515136522547,0.9936939706080717,1.086813518177031
255,90,526,460,450.0394416044734,27.618268388650847,35.5690731460511,32.80424054706667,0.9538691647322673,1.2878820875195591
256,493,24,23,239.48156956002524,20.532029324836422,28.583190067971632,24.261925718119453,0.92235002358899,1.3921268870094676
257,22,551,572,501.22884080012193,29.087095802769063,41.82873234214646,35.265904727375904,0.9108623398206621,1.438051176568972
258,92,526,91,256.7288346874605,23.318204244476036,26.47480752178296,24.479848417595417,0.9860611427987755,1.1353707705881644
259,85,86,549,251.19654016029634,22.823191393318062,25.697728508393634,24.173639967237236,0.9903653836822663,1.1259480791068137
260,15,16,412,148.81115294095648,14.860896649798764,24.000000000000025,19.65159257195171,0.8587248549803282,1.6149765768221673
261,567,566,551,298.80533568732693,22.98872472763965,30.51140592289958,26.808596808088694,0.9477048844910708,1.3272335148811152
262,332,542,456,353.2028136965844,22.027771978583257,34.93184073500366,30.018252579075916,0.8737178848680036,1.5858090763317565
263,388,260,490,282.5792293800537,23.880853500911694,27.139810119206,25.650010496214197,0.9891722501101459,1.1364673426839575
264,104,480,103,343.6153185571244,23.268063029381572,39.747635168578604,30.912785727715413,0.7923006932389095,1.7082485601997714
265,173,471,172,329.0146475329768,23.577820684805722,30.800050647231874,28.071317599153545,0.9518662768863352,1.3063145682111486
266,7,8,5,13.212650307909982,1.9352903476760162,21.78172758657525,14.675729864450068,0.1027739313994684,11.255017942259533
267,333,542,332,242.45404339449632,22.027771978583257,27.11682416351765,24.004242139116116,0.9634496570617569,1.23102891158862
268,529,531,530,367.36198753579316,26.576255356544085,31.354080949365876,29.327757452698506,0.9817183423473893,1.1797779833435154
269,7,5,6,163.85324701827403,16.33431962414147,24.0,20.2148304277468,0.9043230904273722,1.4692990312574121
270,109,481,108,307.42907683064317,23.999999999999872,30.575176898795338,27.072396404512613,0.9591526720395243,1.2739657041164791
271,150,151,520,255.6441736736614,23.890859325590004,25.05468543338704,24.315181586325636,0.9981089817261672,1.0487142840672306
272,531,228,229,366.16718202897636,23.999999999999993,33.8452499455821,29.920588972213597,0.9258131002585226,1.4102187477325878
273,381,378,379,9.903742936993666,3.9999999999999227,6.003227519439165,4.997356344008139,0.8919481301191757,1.5008068798598204
274,229,465,531,580.5186952923939,31.9165169710587,43.95199544210198,37.65371228639564,0.9296505297188693,1.3770924779153322
275,10,11,9,163.85324701827443,16.334319624141504,24.000000000000057,20.214830427746833,0.9043230904273718,1.4692990312574128
276,428,521,411,402.5756618837382,29.032603577515175,32.3317149501062,30.582633121774364,0.9920794286582305,1.1136347060222351
277,520,151,404,281.5984080568171,23.890859325590004,27.023105301291015,25.598044468252585,0.9899363356860583,1.1311064592953337
278,41,39,40,65.31391296262487,8.481632759436266,22.60037350462647,16.154719685900414,0.5113927880418763,2.664625331659445
279,42,39,41,125.21373735469928,14.520721495408043,24.000000000000053,18.634291429682197,0.7966149834404893,1.6528104342191046
280,12,9,11,13.212650307909987,1.9352903476760162,21.78172758657525,14.675729864450068,0.10277393139946844,11.255017942259533
281,466,529,530,274.74406141412715,21.632732425391055,31.354080949365876,26.198272318868842,0.9034847141539715,1.449381443490909
282,544,278,545,445.63671732332347,26.430980162556533,38.54798260565282,33.1932052011341,0.9129778347428121,1.45843939076697
283,102,103,480,288.81260848452547,22.261625871186673,29.722658985186065,26.356027022615496,0.9471746964262364,1.3351522102281057
284,114,523,113,390.1130752648505,24.0,39.73207018598984,32.08736563667884,0.8412440814452061,1.6555029244162434
285,34,557,33,176.7645301160755,18.39158436010905,25.281468479961088,20.998702306450927,0.9066298488779171,1.3746215652195821
286,380,377,48,3.264940182319615,2.6856575441221513,2.780823638975829,2.7469307312847726,0.9990120797478763,1.0354349328945378
287,423,549,566,492.4542722830738,32.702283979236,35.323385325580524,33.78063092219783,0.9955273662982336,1.080150406253238
288,544,545,501,311.12250878937556,26.430980162556533,27.56202311612757,26.820653703304277,0.9984493773791667,1.0427923197178033
289,527,94,479,557.58159487017,33.52951687351584,37.48083099600113,36.008750159073266,0.9907213110837735,1.1178458412446242
290,349,350,506,257.2556363227495,24.000000000000014,24.81827819497599,24.381294168417426,0.9992360594108863,1.0340949247906657
291,467,571,242,347.5330513144151,26.33495388489897,32.27386116752849,28.706495458430947,0.9662157352487596,1.2255142465252242
292,348,346,347,405.82179617660915,23.881797378061947,39.63749952556633,32.56107338249257,0.84977858098915,1.6597368656170628
293,429,348,477,341.8697539960576,25.78754841321553,32.46443545237401,28.562906430009843,0.9582602856524516,1.258919030695323
294,340,413,339,191.20128873529828,17.4552017334352,25.239698375904254,21.7161754778756,0.9161691127436093,1.4459700186425206
295,506,413,342,302.57102295352246,24.057268676865288,28.30369170656868,26.616020493470185,0.9816809602421805,1.1765130982548726
296,413,340,341,246.78471479820638,23.210030784708895,25.239698375904254,23.92923875268229,0.9938183982542106,1.0874478629529667
297,572,505,550,397.4400899466888,26.792425929887386,35.59221189726783,30.965824059168217,0.9443946570866738,1.328443045449055
298,413,351,339,167.2416844815678,15.736742086056097,22.890944038911243,20.360437483084894,0.9081981477182672,1.4546177292436082
299,477,506,343,271.4529624575141,24.530517138740088,25.959658873307312,25.062789255781258,0.9973645468008755,1.0582597475008073
300,561,571,570,409.2815866337097,27.10029632275949,33.80270689706776,31.12560967885577,0.967249127184522,1.2473187191196657
301,478,537,538,301.6864359513461,25.11257729221489,27.156696260602633,26.44418705097473,0.995046873666135,1.0813982151095831
302,241,466,530,354.2251973664971,21.632732425391055,36.2169314379348,30.3914611756686,0.8491324781744034,1.6741727640205906
303,537,238,562,231.28305028469325,23.05132513087804,23.226332493508576,23.111580636440607,0.9999505315229076,1.007592073845512
304,497,317,318,339.6732628707479,24.000000000000014,35.57981546259104,29.330393840424865,0.8883393017982963,1.4824923109412926
305,344,345,429,246.16259703615015,23.631941510456087,23.999999999999932,23.84450615872103,0.9998302562764564,1.015574619181458
306,344,429,477,275.0054341118846,23.90157696570707,26.074825794628705,25.25465039118377,0.9943188842958699,1.0909249139519002
307,569,461,556,496.96630346872007,32.440001311659714,35.43605496801871,33.943902978393716,0.9948078027955941,1.0923567674235002
308,487,300,448,341.90106332253924,24.39069493187458,36.34450640637195,29.59965177625526,0.8762140427268144,1.490097207475451
309,494,537,478,323.2796551461947,25.11257729221489,29.64206643569958,27.510328665346396,0.981992572573461,1.1803673550021831
310,301,422,448,213.42068546562496,19.902136475597686,24.770151456579423,22.465293921949353,0.9689418473770405,1.2445976082492693
311,284,422,414,152.733602482541,17.041126273227828,23.569414287445742,19.539948547362375,0.904223301487475,1.3830901731227747
312,494,464,236,255.1806975599688,19.954562323544366,27.82259956780344,24.96378030287073,0.9268574164874334,1.3942976606896351
313,422,302,414,172.3767285202154,17.041126273227828,22.23975102298432,20.321511294581644,0.951460266158015,1.3050634486479746
314,571,561,466,325.870686102631,21.100700473008413,33.80270689706776,28.885698477485978,0.8696301398976349,1.6019708416935017
315,241,571,466,373.39707995131727,21.100700473008413,37.84884038425046,31.722157431731222,0.811104936823511,1.7937243568129848
316,287,487,286,304.08296533612076,22.37229391578103,31.03815945501319,27.193835319308604,0.9332239968925259,1.3873480999245862
317,524,536,443,335.77164760020133,22.149723847829712,32.77602334499188,28.919054557141056,0.902322962974426,1.4797486221573528
318,428,62,521,507.59636178588045,30.383580837701718,38.83004726207669,34.75579763214848,0.9609339045334077,1.2779944361888413
319,545,272,273,293.53676537187204,22.64972381805163,29.807804988093075,26.521031625071885,0.9519973410910494,1.3160339272806725
320,528,288,462,377.0168935251641,26.629564100943778,40.25592844427719,31.756870299740537,0.8330864708873675,1.511700615589516
321,571,241,242,329.18582372371395,23.999999999999954,37.84884038425046,29.78650390237193,0.8247232160032396,1.5770350160104387
322,418,417,368,145.28448986198424,14.598202476981873,23.151086203741922,19.28208137786892,0.873016888745876,1.5858860870196896
323,299,487,541,413.8049220219144,28.531396706267042,37.44150836625616,31.794589931944813,0.9305459155874046,1.312291464442467
324,367,417,365,162.31419015993913,15.214459338326398,22.948024393882626,20.182279232594066,0.893098434415138,1.5083036395565357
325,289,290,297,394.34729266341947,24.0,35.08196284805338,31.323794141613018,0.9034735410656684,1.4617484520022241
326,541,288,528,490.3047423445877,26.22350177483733,40.25592844427719,35.1828937284061,0.8858589643787383,1.535108803924296
327,487,448,285,331.81585693728704,24.295930240496507,32.632324016986566,28.330669416000777,0.9411121598766856,1.3431189377797497
328,290,291,463,354.0730701144098,24.0,41.54499201830413,31.837983782160318,0.766560767552302,1.7310413340960054
329,407,443,485,299.6496702849573,24.350406222461327,34.55578474825225,27.83928070457135,0.8676249478987326,1.4191050626653312
330,408,405,409,120.81904480709417,14.06649324872236,18.886242652814563,17.073927801059522,0.9423001712649224,1.3426404377316978
331,507,207,510,264.5377368343245,22.480681686377256,29.791521843962407,25.393751157915755,0.9329176047813442,1.3252054479297815
332,61,62,428,293.5068403087093,21.108939861105522,35.05376479666704,27.990814750968237,0.8307577084264416,1.660612282157082
333,216,508,206,381.5630028293303,28.630461018345883,31.271933079356224,29.74922333712962,0.9942694494954024,1.0922608986043827
334,507,216,206,337.1480751474345,24.479549903291048,31.271933079356224,28.31543449431405,0.961437101134987,1.2774717346887168
335,421,410,306,116.89636329792383,15.583969645826384,17.137548562348396,16.468420007861898,0.9938383337807779,1.099690833069486
336,207,507,206,247.12796685191344,23.322514009861074,24.479549903291048,23.903704618853244,0.9984383798463266,1.0496102561216498
337,398,420,402,141.26336756801848,17.1425673779163,19.986521176230493,18.20429281124376,0.9796696704752929,1.1659001091037204
338,185,186,382,127.32291059489035,11.263698537837557,24.0,19.365943080741165,0.7205274423622985,2.13073884385116
339,510,213,214,354.66771243914945,23.999999999999993,34.33470791362823,29.534095873068793,0.9199593133988837,1.43061282973451
340,381,380,48,4.955767246887782,2.6856575441221513,5.608849555791688,4.097563875190821,0.6281774151751227,2.088445553330973
341,214,507,510,371.4469924954797,25.693137394019963,34.33470791362823,29.93978905053687,0.9438542040411223,1.3363376915432514
342,405,379,378,18.947079056313623,3.9999999999999227,14.011538603893273,9.800554972788767,0.3837628145769773,3.5028846509733857
343,209,509,208,253.69012958986835,22.507571115690197,30.29573384914021,25.153235608775507,0.907047126522152,1.3460241308766019
344,207,208,510,268.45803359987485,22.480681686377256,31.2275841236885,25.902755270021917,0.9043972151137787,1.3890852848386557
345,210,211,209,269.33268554523966,22.448692119796796,33.181881938110024,26.543524685968922,0.8555744065735597,1.4781209417918812
346,205,508,203,574.7278352339639,33.47176381783501,42.7034697986112,37.15204496570981,0.9506155409491032,1.2758057815840942
347,390,406,420,103.01233145064583,14.574263326489692,16.788419593701533,15.512538086762843,0.9850272218037366,1.151922345411961
348,312,313,410,137.9752670868559,15.762049190291425,22.946838004121034,18.746911235545138,0.8831775829859954,1.455828346117271
349,393,398,402,108.06420761880247,12.969846865116601,18.34795751907288,16.26719808792466,0.9236854124768198,1.4146626178309878
350,203,217,202,287.99999999999943,23.999999999999954,35.55467280833807,27.886089083279916,0.8241326985902092,1.4814447003474225
351,297,290,463,653.4543634779571,34.88941957678566,41.54499201830413,39.17927109043011,0.9772310155828241,1.1907619135615222
352,463,292,293,380.49191355128755,23.206776812418376,35.170655181887334,30.93538092454364,0.8903225134210446,1.5155338229937587
353,296,297,463,376.08750660435925,23.999999999999954,41.10340167620054,32.183738582743686,0.8006289738030508,1.7126417365083593
354,260,388,259,200.46847078399588,18.087971161117707,24.000000000000032,21.989608220676477,0.9425956649455964,1.326848643566557
355,204,205,203,358.3906409313306,24.000000000000032,42.7034697986112,32.424422419272574,0.7447299280119314,1.7793112416087977
356,47,405,408,126.06127155056014,15.239292166238181,18.269047501641644,17.223070479035744,0.9749575888955924,1.198812077513398
357,302,303,414,146.29521481177153,13.617949254702745,24.0,19.767201947411845,0.822944705199366,1.7623798966435402
358,196,197,511,336.1317707975071,23.999999999999993,31.487661490800036,28.36790359023739,0.9526324238752314,1.3119858954500019
359,198,511,197,451.84142814065905,31.377315601247965,34.31129472058018,32.39209060420939,0.9927616610499401,1.0935063775568972
360,523,519,113,532.6868752561405,33.30761855907707,39.73207018598984,35.491666976239436,0.9696811897108993,1.1928823465873986
361,224,570,533,251.67032806249034,20.396606946180444,28.355904090862555,24.751361647196557,0.9322148504561742,1.390226529622497
362,363,361,362,254.94696834422453,21.423387332271542,34.163923243849425,26.529103525373657,0.8020962694393882,1.5947022155728812
363,364,385,371,30.040704596308853,5.805871043027992,10.769055614418331,9.100693572457896,0.786123197199603,1.8548561507149566
364,418,370,385,164.69744703223515,15.912136464321469,27.827314942305023,21.537881694728565,0.7797902874864836,1.7488107272521212
365,370,371,385,111.78300842146797,10.727154059927365,24.000000000000014,18.533782579162192,0.6873027964975582,2.2373128852185538
366,569,560,461,314.19903926376617,23.004086072465036,33.95565265550273,28.141097661063668,0.8934558836941939,1.4760704923698873
367,401,417,418,102.99672761707845,13.205993206306594,20.096955452882963,16.30352503284485,0.868227592716775,1.5218056785979226
368,562,238,239,218.3379156136416,20.555130081713187,24.0,22.593820858407256,0.9835586229722753,1.1675917352306873
369,389,188,499,408.221906681375,28.956492033213213,32.875454640711546,30.83157827478941,0.9890762699587002,1.1353396883504834
370,469,128,559,512.7038053497256,30.792767283175497,39.87506868577995,35.042077194063204,0.9534355154658569,1.2949491781327114
371,572,460,543,537.2600220326519,30.236117427264563,41.089587887094005,36.046602781392515,0.9404706390330106,1.3589571473896525
372,559,524,486,401.6726667177113,26.955439598673024,33.12126798902277,30.798868839398466,0.9702529757638311,1.2287415260945431
373,203,508,217,431.28723582259704,26.21742403000421,35.55467280833807,32.350999373008506,0.9348656226016854,1.3561466896079477
374,509,209,211,335.1276509208875,22.507571115690197,33.181881938110024,28.830362406301777,0.9082541423701188,1.4742542306121464
375,524,130,536,283.5459412703445,22.149723847829712,30.439414496841135,26.271847606449956,0.9332403293604071,1.3742570655039417
376,322,317,497,421.06329281612074,28.411366058683537,33.749610154455766,31.41383858451482,0.9804426962844927,1.187891144858931
377,526,560,569,311.9701393219321,23.70997617754308,30.721446508417856,27.298325647061393,0.956276530663774,1.295718151649418
378,93,461,560,239.0906833928899,22.984071242891723,24.622252198088493,23.53680317114842,0.9956471009396408,1.071274620491938
379,365,366,367,140.4812241957012,12.458672900047908,23.999999999999886,19.80223243131014,0.7737788074209202,1.9263688992033492
380,368,417,367,159.69266239719585,14.598202476981873,24.000000000000014,20.32751881418502,0.8575505151913294,1.6440380271367443
381,89,460,550,340.91884970520925,22.0239766804331,35.27355469354852,29.558934163405496,0.8703055091891079,1.6015978951197685
382,249,512,248,244.39687984369843,22.967206592826457,24.370447158316487,23.779217917047657,0.9975374141570343,1.0610975723067826
383,219,249,250,272.57421149651185,21.864013609680473,32.686987752611934,26.49840123937659,0.870779925986029,1.4950131451683464
384,248,512,247,257.490850121832,22.606561298055553,30.104827636901117,25.226198509261042,0.9172682144380578,1.3316854005341585
385,193,389,496,373.61247444323624,27.183588650380848,30.7304367727292,29.504608102582058,0.9880931739159553,1.130477552760447
386,49,50,495,292.1800690077745,23.99999999999996,27.320716029356056,26.09807503120228,0.9874590626495899,1.1383631678898376
387,208,509,212,396.67948026769847,27.370467245387758,34.41820197675386,30.694801023760608,0.9637708573732067,1.257494132934604
388,443,536,475,377.06944462248595,25.858581851439574,31.97231147515058,29.887436601730574,0.9660814567152148,1.2364294244299654
389,219,250,218,183.75000000000023,15.907200337058912,24.944202355837366,21.617134230965434,0.8772130002135137,1.5681076385091475
390,364,401,385,63.458057355686634,10.769055614418331,13.726605239748972,12.285850596539811,0.9615967856626403,1.2746340748181182
391,437,123,484,333.33389271721774,26.044677831391382,31.191151757454968,28.0402464615653,0.9727858892225766,1.1976017503223093
392,38,409,405,64.46616075585268,10.94427231731838,14.06649324872236,12.411256760834867,0.9562986384380134,1.285283556629282
393,464,235,236,203.20421999954905,19.954562323544366,23.22872867062995,21.787884923941842,0.984691624243967,1.1640810905294774
394,65,66,427,183.72508668762987,18.678121050522623,22.91127931393719,20.81620408136457,0.9724801347932434,1.2266372646351449
395,409,407,485,183.5607154411861,18.025270675882094,24.61165114300047,21.14470802332423,0.9329345491184706,1.3653970353927047
396,398,390,420,105.02568277897373,13.499826707617338,17.1425673779163,15.810271226411723,0.959991904088458,1.2698361059881997
397,237,238,537,257.76627931228495,23.05708428493521,26.559602066013625,24.53889545031628,0.9850061748855065,1.151906361524074
398,530,531,240,385.212157389838,26.13578073943091,35.78252094138985,30.65707924433544,0.9309930014352735,1.36910090033794
399,385,401,418,89.5794191240099,12.361890935452136,15.912136464321469,14.627217946372866,0.9553793861396704,1.2871927561411933
400,434,108,481,267.4313688622534,20.828744041989676,29.11952209330955,25.53009281668062,0.9303261258576327,1.398045030204706
401,538,465,231,492.630993040856,29.087944299266834,37.652068196933016,34.29837371307631,0.9557737518590235,1.2944217648918575
402,233,494,478,321.04277378618343,24.270384731185114,29.64206643569958,27.508531574892753,0.9728106833448298,1.221326598816226
403,83,84,415,153.8913692858759,16.03117999384014,20.887723501601215,19.2143971033633,0.9495889200800727,1.3029436079956163
404,444,445,446,80.06812739830683,12.679651305510735,14.830358618807768,13.686208838965124,0.983075992870887,1.1696188058706558
405,452,440,135,146.98448631504687,17.468472020162476,20.227079828347872,18.548656497321023,0.9824781689571574,1.1579192390153732
406,356,357,424,177.31733141446952,17.28559419018234,24.000000000000004,20.78773003776689,0.9313401007523479,1.3884393984923717
407,343,506,342,262.46784784936364,24.000000000000025,25.959658873307312,24.672309183390876,0.9944082028919453,1.0816524530544702
408,526,569,460,527.5684095386646,30.721446508417856,40.504647298546494,35.59838898433848,0.949477373535099,1.3184485726428274
409,538,231,431,324.4518207961802,25.76434772793126,29.087944299266834,27.473770207974535,0.9902673429996725,1.128999833662874
410,288,289,462,270.5574451740328,23.125446925329445,28.385118354000635,25.31689145376954,0.9673121341646039,1.2274408553337077
411,228,529,227,327.32250871279905,23.999999999999993,29.90710704983159,27.867185337687783,0.9641022634166942,1.24612946040965
412,310,446,447,93.86106614433082,12.879733014144133,16.134807371541005,14.920177202585998,0.9645968626740723,1.2527284031293386
413,244,513,554,395.6828525801918,28.080390653550896,39.788462094608946,32.01700028098051,0.8659157903039647,1.416948310495727
414,552,246,512,298.1818434236045,24.052816141919898,31.77998061111061,26.99178397786652,0.9302958240917915,1.3212582020998198
415,261,262,525,322.5307302103988,23.999999999999993,30.67264576359108,27.696026836972223,0.9614113132100263,1.2780269068162955
416,553,552,568,230.75410815408796,18.049280189497587,27.538647241138538,24.10903526365136,0.8885988785723582,1.5257476725948644
417,222,223,532,322.6028753491258,24.0,29.653322346268716,27.629304193276692,0.9675657436391444,1.2355550977611964
418,532,223,533,245.97376253562842,21.703851060858746,29.23459023356135,24.611757676766302,0.9211738274847745,1.346977094138087
419,553,221,513,359.18313629338525,25.866070760742705,37.99107470567188,30.543245285926556,0.8629540307618019,1.4687609516375197
420,219,220,568,236.07325277385414,21.943491767549993,24.308562127794424,23.41735129844812,0.9921988767208229,1.1077800372565088
421,240,531,465,617.64707068672,35.78252094138985,41.05238178839973,37.975842391938606,0.9856352642416939,1.1472747226401872
422,423,85,549,410.73203564528353,25.697728508393634,35.323385325580524,31.573552167053787,0.9349035234979054,1.3745722822950233
423,229,230,465,410.9827949559051,23.999999999999954,43.95199544210198,34.12790088153884,0.7709518933651373,1.8313331434209195
424,63,458,547,442.87067987165807,28.31558206586836,35.06443451950679,32.351953819625294,0.9693394945512159,1.2383441187237152
425,225,570,224,335.974602107764,24.000000000000114,34.1240869291861,28.82666367334959,0.9147929344552592,1.4218369553827475
426,561,227,529,375.2886294783584,28.42654608997795,30.066734385557925,29.466795841789153,0.9975307245681875,1.0576991763399015
427,561,226,227,304.714682519631,23.99999999999991,30.066734385557925,26.886712242969164,0.9652104489802806,1.2527805993982515
428,534,535,473,381.310269700857,26.78751161767399,32.56212664609495,29.954617409688623,0.9751991233077635,1.2155711628179364
429,571,467,570,383.2567883506914,26.33495388489897,32.47382581674006,30.08895634185139,0.9698981229506188,1.233107373518556
430,134,135,440,154.7122463641963,17.283088837383964,24.0,19.744502160278895,0.8955281128958196,1.3886406663655577
431,303,283,414,99.94849479751981,13.617949254702745,17.061114822788827,15.387128952966606,0.9668138277676286,1.2528402407504227
432,405,378,38,55.91005975056832,10.94427231731838,11.803415098315433,11.37927124336897,0.9962029286683349,1.078501590246209
433,379,380,381,5.493487996736609,2.752976285703742,4.98884151258533,3.9133341079825654,0.7855051646935605,1.812162908373922
434,514,98,468,335.9003467197941,26.754546630502837,28.800946730335827,27.89028584778319,0.9963232171075248,1.0764879378482868
435,97,514,96,243.26901382293045,22.284676359273465,26.62610297796257,23.950614171297428,0.9731897036939968,1.1948166780031553
436,98,99,468,309.99208719163767,22.29173855419233,33.224096022186856,27.877066252963363,0.8981498685022813,1.4904219310403903
437,184,185,382,227.69856936652437,20.577537354076476,34.296869524026015,25.902845860829473,0.7437349215298782,1.6667139966207714
438,511,200,201,337.30332388619104,23.99999999999991,34.49137368859751,28.961572319934294,0.9086525152697351,1.437140570358235
439,100,101,515,396.5689868896703,23.999999999999954,36.85706788613465,31.59511745771866,0.8904380089590748,1.53571116192228
440,95,479,94,301.6893519084018,22.201831351346854,33.52951687351584,27.67633959534921,0.8847961574999664,1.5102140153623769
441,527,29,28,340.3035597817544,24.000000000000032,33.46340059273444,28.83313703402379,0.9286314378966876,1.3943083580305997
442,93,94,461,273.760419074796,22.365026718349984,31.44354565680633,26.1436081910816,0.9052674897324503,1.405924797353702
443,28,556,527,526.5821161271623,32.98010224838343,39.34055755694297,35.261353466020275,0.9715331145451349,1.192857355646049
444,25,516,26,314.4624409976351,23.189349098963543,30.355703940358207,27.433382360090622,0.9530152610720565,1.3090364809642272
445,432,479,515,704.5493985377444,36.9481740123623,43.425156291607024,40.600322295101044,0.9827065362815218,1.1752991170031197
446,160,161,406,147.22400137985525,15.956415153723244,24.0,19.473266927767593,0.870673921522286,1.5040972404381119
447,482,104,433,357.74800121802843,25.74579686688515,39.95708883886563,31.217089236584588,0.8151714513923745,1.5519849335197458
448,104,482,539,621.0030702817714,32.87649487983325,42.68069790695643,38.504760541885105,0.9562933786536404,1.2982131478114831
449,101,102,480,324.9791346305083,23.999999999999954,35.95769895527847,29.01383172225073,0.8651418860160849,1.498237456469939
450,511,199,200,427.94437979156135,30.115635215492176,34.49137368859751,31.64324653535518,0.983028035667195,1.1452978973146266
451,536,131,475,363.97910902731826,25.858581851439574,38.7819671074,30.93462877011432,0.8502436240471126,1.4997716166418835
452,188,189,499,276.0966870679888,23.013877786301617,32.875454640711546,26.62977747567105,0.8748738272923922,1.4285056584544724
453,177,181,176,263.4001087614532,22.61079083198919,30.868625170538966,25.632459014342473,0.9067680201702548,1.365216519842676
454,180,178,179,252.07211054413628,22.006371208108174,30.868625170538966,25.27394479425608,0.8893405934744774,1.4027130997029407
455,180,177,178,367.5,24.0,36.648112455382126,30.505579208640366,0.8865437143016098,1.5270046856409218
456,450,255,256,176.657725787054,17.619169044697003,24.0,20.718722222666518,0.9355736550985694,1.3621527745784068
457,107,434,482,311.447448960363,23.368197108553932,29.943098775248046,27.22883085143181,0.9599422456328701,1.2813611009934254
458,432,480,539,626.221283599365,35.39776550382377,44.97343830043589,38.855912567574194,0.9460917077669676,1.2705163069001553
459,193,194,389,244.8926814391987,21.733642816688352,30.7304367727292,25.00519568729895,0.8812562208119202,1.413957017326731
460,106,433,105,130.58077832995986,15.491159153555454,19.01764913063471,17.54885934083589,0.9721311030458336,1.2276453260936173
461,107,433,106,207.03417875442386,19.01764913063471,23.999999999999954,22.18240422368684,0.96182120302351,1.2619856342464217
462,108,434,107,171.20172318923025,16.97213199479291,23.368197108553932,20.389691048445506,0.9354538098311885,1.3768569037598428
463,107,482,433,292.14498390201777,23.52956354042586,29.943098775248046,26.40615306085302,0.9578643752259194,1.272573489253346
464,39,42,397,109.40474176027925,14.520721495408043,18.14890432247918,16.12307796666994,0.9634764720246489,1.2498624347432388
465,398,392,163,42.36617723521396,8.449120439819607,13.3138840535035,10.598758586362472,0.8402805421802736,1.575771602302755
466,402,441,399,138.86232383820686,15.803245094412189,19.789044747422167,18.13403461491345,0.9667474396780166,1.2522139996689226
467,37,34,407,607.4571716758627,34.48837817841973,42.08548264684422,37.87271596638146,0.9713060291731348,1.2202801311538098
468,383,38,378,47.196209464909145,9.71648150655397,11.803415098315433,10.563626627923083,0.9697650949062349,1.2147828501864366
469,483,540,32,339.4720208418281,27.167696701082065,28.637115979393073,28.020043703237942,0.9980479681912215,1.0540870024602595
470,557,34,35,262.9266291921259,23.999999999999954,25.281468479961088,24.65814626798479,0.9981991788827731,1.0533945199983807
471,35,34,37,365.934462285855,23.999999999999954,42.08548264684422,32.329322751755306,0.7677625782697955,1.753561776951846
472,443,34,486,515.0182705780842,30.16434984472461,42.50642299559512,35.72038499529743,0.9134419350247392,1.409160920570247
473,435,35,36,220.2001911250882,17.16977432789474,29.501573254172733,24.150666089934088,0.8337541866302743,1.718227199191735
474,45,475,131,462.614699540459,27.85707479717692,38.7819671074,33.58798877559944,0.9304762175724479,1.3921765795499184
475,261,490,260,314.46010736553427,23.999999999999993,31.202731253975347,27.447513791060448,0.952962491131887,1.300113802248973
476,405,47,379,106.75685365278436,14.011538603893273,20.811742069030096,16.687524279720517,0.8583539622668636,1.4853288177250787
477,379,47,377,41.62253419819444,4.0000000000000435,21.219176361024218,15.343639476684785,0.3206305649505229,5.304794090255997
478,475,46,408,263.56778910092083,22.035449450743712,26.574715809892457,24.906659592580436,0.9746742810731408,1.2059983559353058
479,46,47,408,190.9325265779464,18.160871769227406,23.99999999999994,21.39877373999035,0.9507258746856183,1.3215224635122755
480,493,569,555,327.61010762919744,23.930359595799544,34.04918150234718,28.535793413753904,0.9096075078756142,1.422844540469161
481,273,501,545,282.60267442988993,23.483900742467362,27.105566069070942,25.686141547589017,0.985462999598645,1.1542190697499544
482,132,45,131,229.66112079912207,19.60528623443722,34.12492442222141,25.910070218886204,0.7488143471220671,1.7405981230858059
483,423,566,20,471.4944804629969,30.617816556872338,35.62916965192734,33.18773655685889,0.9848502509672109,1.1636744111307369
484,21,567,551,354.60664883016375,22.98872472763965,34.05179381788936,29.6868011419121,0.9054678084901456,1.481238921311213
485,228,531,529,378.7548192796602,26.576255356544085,33.8452499455821,30.038651421785982,0.9599539480169369,1.2735146276824176
486,516,555,556,294.5998494285311,21.187892787648394,30.29765485066476,26.92133045111086,0.9176951723766767,1.4299513006940905
487,124,436,123,144.80299758443547,16.97161823594537,19.820774367199146,18.398097689524647,0.9840080376549641,1.1678776939030686
488,437,484,481,493.3585800349595,31.191151757454968,35.70262610288169,33.91724851753565,0.987132702508501,1.1446395561314415
489,31,32,517,310.7645566181021,23.566751372548186,29.69927226607175,27.146542977675754,0.9649736000119888,1.260219187472188
490,518,437,110,415.5242927734995,28.273691781007134,32.856726916263135,31.170999845339892,0.9833443833381068,1.16209539138906
491,396,82,83,259.9575194683481,22.959540862724676,27.16722502779714,24.708921963507255,0.9781880642763278,1.1832651702501478
492,365,417,401,97.81847145999558,13.205993206306594,17.728987644691333,15.383146729774774,0.9410037829125102,1.3424955902767508
493,558,518,111,421.42034745283934,28.487184077790026,33.20599297837873,31.39257987534914,0.9832563666098417,1.165646730392974
494,17,18,416,328.7981526723798,24.000000000000114,34.03689213167844,28.56664887674891,0.9112816170762421,1.4182038388199283
495,111,518,110,350.9369987262184,22.847210232526624,33.20599297837873,29.47859468321825,0.9095107587602558,1.4533937684481382
496,112,113,519,378.9909899694071,23.999999999999886,34.31550622981321,30.541041596296722,0.9171397673322231,1.4298127595755572
497,31,483,32,264.93122342979984,23.227145665646525,28.637115979393073,25.143671005862597,0.9584960334466365,1.2329158473289301
498,125,126,469,298.7376915962366,22.445607886898944,30.23755421861952,26.83585919769136,0.9440784000809537,1.3471479307213854
499,131,536,130,291.8941446534563,23.999999999999872,28.163337351503397,26.129913942060764,0.9831327454486329,1.173472389645981
500,129,130,524,335.45890146329964,24.000000000000195,30.439414496841135,28.281119995178518,0.9576299146748575,1.2683089373683702
501,554,467,243,293.91502980839334,24.36000852414795,31.311624243234764,26.733911132701223,0.9359930263754767,1.2853700035529836
502,564,78,521,424.85932155958267,29.221850340866343,34.687551855790105,31.58700971230546,0.9782470260679873,1.1870415956268197
503,124,125,469,362.31336053771577,24.000000000000032,37.5679938252159,30.601849347945148,0.8650831828859306,1.5653330760506605
504,519,523,120,561.6285459157543,33.4353121836514,41.10360132959365,36.50690452100251,0.9652516811148073,1.229347018021616
505,27,556,28,300.74860174992665,23.999999999999872,32.98010224838343,27.39105062927365,0.9065734341382752,1.3741709270159836
506,307,308,445,185.07619690115092,18.394066952439314,23.76714150324164,21.02983322527174,0.9560348560793323,1.2921091113072076
507,472,144,145,347.0184094315453,24.000000000000114,39.82638449461806,30.980633019511334,0.7987809352582883,1.6594326872757448
508,126,127,469,298.6553722101019,22.22959012932212,30.77573340209722,26.943246339658316,0.9339410864929186,1.3844489809779372
509,518,558,122,449.05195921145304,28.487184077790026,36.895283536177246,32.75271710625999,0.9562117989674005,1.29515375880702
510,435,557,35,298.1461806309126,24.692970323993325,28.784240564319582,26.4192871920159,0.9822627796516065,1.1656856257730528
511,115,116,523,291.42082634881837,23.999999999999954,35.30995212766227,27.883277817565546,0.8359572152144639,1.471248005319264
512,483,31,436,216.519564640984,21.8639532754521,23.227145665646525,22.38612097434625,0.9970718842133663,1.0623488521504003
513,437,481,109,474.81727823047544,30.575176898795338,35.70262610288169,33.31177368063091,0.9842275905630258,1.1676997395978557
514,23,543,493,325.9598988087075,25.684485438766483,28.583190067971632,27.526187582457855,0.9912731640438381,1.1128581935626414
515,447,445,308,108.60422102913189,14.688955600529953,18.394066952439314,16.112693807651393,0.9562903208109924,1.252237902589595
516,257,454,256,237.31846594479885,22.472030099386572,24.0,23.44024502776519,0.9966284017755337,1.0679942975270016
517,463,291,292,349.7090560467947,23.798288040712052,34.428710779325215,29.398652716071364,0.9143426257038682,1.4466885483706877
518,445,447,446,80.59634552362536,12.879733014144133,14.688955600529953,13.705768402416986,0.9879160077829986,1.1404705038838139
519,474,150,520,257.64982230837376,23.799883690487462,25.05468543338704,24.40919625987028,0.9982298099782784,1.0527230199616944
520,295,463,294,393.37650233116324,23.092002318149014,36.2086093478745,31.683956277147047,0.8728360136725238,1.56801514433491
521,354,453,353,220.60171240937365,19.7944318317791,25.101419600365382,22.88766431179538,0.9631931353311566,1.268105081958763
522,147,535,146,268.3107454565103,23.2258623404467,28.526200098943633,25.25068747979674,0.9635735253995982,1.228208437680553
523,175,168,169,279.7584950677831,24.000000000000032,38.059144598204924,28.71763819876018,0.7440374580261572,1.5857976915918697
524,169,470,174,468.4499874131885,26.93183376652089,42.364144946190876,34.73090382572414,0.8682898467280021,1.5730137544088802
525,104,105,433,185.68946457859863,15.491159153555454,27.948382004002976,22.47984705251949,0.8055249886623648,1.8041504658861116
526,279,426,270,367.3580063570838,24.088732852178527,36.97942340672904,30.57793807444388,0.8812391517557052,1.5351336092958792
527,169,170,470,289.97100842231754,22.17556096583244,30.525041873368746,26.544145535240688,0.9349052751459267,1.3765172353655892
528,114,115,523,288.6213372424925,23.806457498379626,32.530026724046685,26.89212184915358,0.9017973414749336,1.366437099104763
529,470,170,471,444.86208570897753,30.525041873368746,33.126399432923684,32.11121115888416,0.9951030085356278,1.085220441968483
530,236,237,494,291.8316321923028,24.0,27.12339357424338,26.079190863835922,0.9877918566460298,1.1301413989268074
531,253,454,252,205.1484230739607,17.288211949626263,27.411463921328753,22.899891956985016,0.8739689102598774,1.5855580670343028
532,471,171,172,326.4129294579323,22.367974845496626,33.36698495748098,28.523680422800215,0.9031825667548175,1.4917302611415804
533,540,469,559,508.78104046942514,32.6149523567179,36.012666740963645,34.362004903638564,0.993492198721096,1.1041765858519152
534,423,415,84,253.60378959969782,20.72428781464855,27.546083806174163,24.681539337591996,0.9484096410315083,1.329169139732935
535,183,382,182,87.50806242393739,10.220985044098114,18.839383546483703,15.448707647587762,0.7996347500515575,1.8432062531352684
536,413,506,350,292.10705686696036,24.81827819497599,27.487101096976573,26.04406967497035,0.9927713289756627,1.1075345711347873
537,472,145,534,586.9522232028163,33.44620229839814,39.82638449461806,37.09862319614177,0.9797533084002932,1.190759540927775
538,112,519,558,403.23655215442034,26.054488590252387,34.31550622981321,31.100398219801747,0.9499636942748411,1.317066965676366
539,532,533,467,288.476194150938,21.703851060858746,28.971553875465332,26.38083204460501,0.9423978573874594,1.3348577537796202
540,182,382,186,19.693378758368958,3.870580695352087,11.263698537837557,8.451754759095918,0.553910635942715,2.910079759185322
541,534,145,146,380.9274282011279,24.0,34.48195984435744,30.642720714251862,0.9152078009066515,1.4367483268482266
542,507,215,216,283.6629257096672,24.0,29.19482050029488,25.936834136216206,0.9660836742240826,1.2164508541789534
543,546,503,548,367.8000217112884,26.325684091311935,32.30602447840012,29.44906191871753,0.9726929362078712,1.227167520750651
544,565,458,69,297.7855359858132,20.87625024967478,31.19146127717723,27.256558258901105,0.9005588034578833,1.4941122521590364
545,494,237,537,318.9346301639222,26.559602066013625,27.776342268124722,27.153112636127243,0.9986567052030916,1.0458116879570296
546,121,558,519,393.9068909542662,26.054488590252387,33.29592536984534,30.641335153880718,0.958073671309266,1.27793432807206
547,71,548,503,484.2956910669485,32.30602447840012,34.51560755054322,33.4796239279037,0.9970799839246284,1.068395387789681
548,566,549,505,456.1503729841841,30.78573020312699,34.1417582037205,32.54325746202783,0.9929127496287576,1.1090124540964315
549,82,495,81,277.9658104760417,23.999999999999993,28.065963621540153,25.540874189065203,0.9791917385462041,1.1694151508975068
550,216,217,508,286.781399104476,22.86813027524746,29.345275913686763,26.14361007297948,0.9591734722201379,1.2832389688391004
551,124,483,436,215.5439611495164,19.820774367199146,27.968730707802735,23.217819450151328,0.9033278776748432,1.411081635341524
552,522,26,27,309.49598440414695,22.95525750493798,30.87414326496933,27.311090795315025,0.9446105871264,1.344970460833554
553,116,117,438,178.1087051789501,18.753122736931786,21.452142454926907,20.37770455775399,0.9872980132485946,1.1439237483728382
554,439,438,118,189.32054257535376,18.45628674810549,22.580729940400442,21.149608739071194,0.9695731086943319,1.2234709098631835
555,438,117,118,189.816418907522,18.45628674810549,23.999999999999954,21.302809734344116,0.955156222994394,1.300369913382686
556,439,523,438,303.84958697584983,22.580729940400442,31.382820420999035,27.211674114067495,0.9312759346724461,1.3898054006150742
557,144,472,143,309.65376837062917,22.51679987128778,30.406976514249692,27.34643031648444,0.9412279074249853,1.3504128778540614
558,265,266,490,310.54259053042506,24.0,30.2618636478738,27.1476150058014,0.9645456593689129,1.2609109853280749
559,492,81,495,259.9090293233253,21.98210254276854,28.19875854852145,24.912506678981813,0.9571015150181349,1.282805341011295
560,516,27,26,239.82625289743834,22.95525750493798,24.555527792089954,23.566711465330496,0.9963429773901356,1.069712582697351
561,137,452,136,205.1454439167108,17.979408643648735,25.776277230873887,22.449892149159638,0.9203143665072105,1.4336554522876042
562,570,225,561,445.8637960036534,27.10029632275949,37.534946295571146,32.91977651583891,0.93387756999096,1.385038224251754
563,137,440,452,128.64548560805488,16.375817782884262,17.979408643648735,17.27456614889849,0.9940975439165226,1.0979243224384507
564,138,440,137,144.74588528897937,16.375817782884262,22.946838004120927,19.02887562742365,0.9032188209742068,1.4012636381496983
565,219,568,249,286.4748793371089,23.628346891945057,32.686987752611934,26.87463225745047,0.8949840736349803,1.3833802213118422
566,534,146,535,431.70872264165183,28.526200098943633,34.48195984435744,31.856762196465343,0.9764691512821984,1.2087820924187642
567,148,535,147,245.95555072532758,23.2258623404467,25.15617952465537,23.88564194828024,0.9941865424429451,1.0831106787732536
568,513,222,532,471.63158541269274,29.653322346268716,41.4077139991353,34.3419105958558,0.9037241941360578,1.396393750272156
569,472,534,142,591.4945560175393,35.729708205929555,38.02328279540911,36.99571298703355,0.9973789285554294,1.0641923683300307
570,149,474,473,338.4964974282773,25.28138803699058,31.55784800373287,28.319865191732088,0.9667621350386856,1.2482640572407995
571,149,473,535,365.84981291813006,26.78751161767399,31.55784800373287,29.261862621752716,0.9823603555891975,1.1780806091339775
572,149,150,474,258.2721932676263,22.496436156336223,28.120359534472808,24.805559793765497,0.9603298856284919,1.2499917470951318
573,148,149,535,288.3709696067148,23.881797378062004,29.440228243851294,26.15940171552289,0.965211871366547,1.2327475933991177
574,138,139,133,183.75,16.478445026284298,24.0,21.34778023793093,0.9074835365066819,1.4564481030654461
575,220,553,568,181.64269718981416,18.049280189497587,22.175623126945588,20.722798361331055,0.9687509828533304,1.2286153738058216
576,133,134,138,183.75,16.478445026284298,24.0,21.34778023793093,0.9074835365066819,1.4564481030654461
577,140,133,139,181.802102198789,16.478445026284298,23.745580695352032,21.19870698578133,0.911638274201077,1.4410085816638727
578,440,138,134,127.37145615480372,16.478445026284298,17.76397109526576,17.175168319644673,0.9962207788637313,1.0780125835253846
579,152,141,404,120.56706693856015,12.176451738380251,21.65192268621755,17.975078354267797,0.8181679902079214,1.778179978159857
580,152,404,151,242.31777899928295,21.65192268621755,25.880168777876744,23.84403048803144,0.9791424796156324,1.195282707819323
581,548,504,76,277.3687539443414,23.244635441745288,29.631385333608947,25.80270599279457,0.9512469451729526,1.2747623170029858
582,515,99,100,350.63450701250935,23.365001239611786,33.928284487021386,29.413493162028786,0.915053827450155,1.4520985528347061
583,415,400,395,94.87663987407508,14.22406723205635,15.708136272734713,14.843785098115589,0.9926303412266053,1.1043350693206624
