time_ms,signal,normalized_signal
0.0,89041.79127690585,1.0
5.0,88663.42058946722,0.9957506393120288
10.0,88287.0230311532,0.9915234382088582
15.0,87912.57253592317,0.9873181039510877
20.0,87540.04502442875,0.9831343661112241
25.0,87169.41799558725,0.9789719719867741
30.0,86800.67028237101,0.974830683857591
35.0,86433.78187408074,0.9707102769898843
40.0,86068.73377594688,0.9666105380594464
45.0,85705.50789351102,0.9625312638531776
50.0,85344.08693529137,0.9584722601759527
55.0,84984.454329786,0.9544333409185112
60.0,84626.59415410216,0.950414327255916
65.0,84270.49107218672,0.9464150469538384
70.0,83916.13028107792,0.9424353337649292
75.0,83563.49746391195,0.9384750269010506
80.0,83212.57874865572,0.9345339705698171
85.0,82863.36067171911,0.9306120135659357
90.0,82515.83014574826,0.9267090089095031
95.0,82169.97443101619,0.9228248135247034
100.0,81825.78110992396,0.9189592879534371
105.0,81483.23806420084,0.9151122960992653
110.0,81142.33345445646,0.9112837049977652
115.0,80803.05570178984,0.9074733846099878
120.0,80465.3934712026,0.903681207636176
125.0,80129.33565660128,0.8999070493473312
130.0,79794.87136720192,0.8961507874325274
135.0,79461.98991517647,0.8924123018601713
140.0,79130.68080440228,0.8886914747516524
145.0,78800.93372019325,0.8849881902660162
150.0,78472.73851990701,0.8813023344944763
155.0,78146.08522433545,0.8776337953637244
160.0,77820.96400979834,0.8739824625471369
165.0,77497.36520086782,0.8703482273830645
170.0,77175.2792636613,0.8667309827995084
175.0,76854.69679964702,0.8631306232445516
180.0,76535.60853991307,0.8595470446219963
185.0,76218.00533985597,0.8559801442317132
190.0,75901.87817425004,0.8524298207142671
195.0,75587.21813266246,0.8488959739994246
200.0,75274.01641518359,0.8453785052582033
205.0,74962.26432844435,0.8418773168581436
210.0,74651.95328189543,0.8383923123215221
215.0,74343.07478432698,0.8349233962862653
220.0,74035.62044060748,0.8314704744693248
225.0,73729.58194862453,0.82803345363232
230.0,73424.9510964107,0.8246122415492603
235.0,73121.71975943964,0.8212067469761777
240.0,72819.87989807942,0.8178168796225264
245.0,72519.42355519035,0.8144425501242046
250.0,72220.34285385697,0.8110836700180836
255.0,71922.62999524313,0.8077401517179181
260.0,71626.27725656227,0.8044119084915522
265.0,71331.27698915362,0.8010988544393122
270.0,71037.62161665678,0.7978009044735077
275.0,70745.3036332785,0.7945179742989652
280.0,70454.31560214408,0.7912499803945131
285.0,70164.65015372874,0.7879968399953658
290.0,69876.29998436262,0.7847584710763332
295.0,69589.25785480517,0.7815347923358102
300.0,69303.51658888406,0.7783257231804908
305.0,69019.0690721946,0.7751311837107616
310.0,68735.9082508556,0.7719510947067297
315.0,68454.02713031831,0.7687853776148454
320.0,68173.4187742254,0.7656339545350889
325.0,67894.0763033162,0.7624967482086741
330.0,67615.9928943763,0.7593736820062534
335.0,67339.16177922829,0.7562646799165819
340.0,67063.57624376156,0.7531696665356212
345.0,66789.2296269985,0.7500885670560533
350.0,66516.11532019569,0.7470213072571859
355.0,66244.22676597767,0.7439678134952231
360.0,65973.55745750133,0.7409280126938825
365.0,65704.10093764993,0.7379018323353423
370.0,65435.85079825451,0.7348892004514981
375.0,65168.80067934152,0.731890045615512
380.0,64902.94426840534,0.7289042969336441
385.0,64638.27529970442,0.7259318840373464
390.0,64374.78755357958,0.7229727370756076
395.0,64112.47485579382,0.7200267867075382
400.0,63851.33107689215,0.7170939640951813
405.0,63591.3501315807,0.7141742008965396
410.0,63332.5259781243,0.7112674292588094
415.0,63074.85261776125,0.7083735818118087
420.0,62818.32409413485,0.7054925916615921
425.0,62562.93449274093,0.7026243923842472
430.0,62308.67794039032,0.6997689180198567
435.0,62055.54860468594,0.6969261030666266
440.0,61803.540693513736,0.6940958824751686
445.0,61552.64845454676,0.6912781916429308
450.0,61302.866174762035,0.6884729664087714
455.0,61054.18817996959,0.6856801430476702
460.0,60806.60883435294,0.682899658265567
465.0,60560.12254002098,0.6801314491943296
470.0,60314.72373657039,0.6773754533868391
475.0,60070.4069006584,0.6746316088121921
480.0,59827.166545585496,0.6718998538510136
485.0,59584.99722088748,0.6691801272908762
490.0,59343.89351193668,0.6664723683218208
495.0,59103.85003955211,0.6637765165319789
500.0,58864.86145961785,0.6610925119032868
505.0,58626.92246270973,0.6584202948072923
510.0,58390.02777372974,0.6557598060010497
515.0,58154.17215154815,0.6531109866231004
520.0,57919.35038865278,0.6504737781895334
525.0,57685.557310805365,0.6478481225901266
530.0,57452.787776704776,0.6452339620845645
535.0,57221.03667765666,0.6426312392987279
540.0,56990.29893724962,0.6400398972210569
545.0,56760.56951103741,0.6374598791989824
550.0,56531.84338622702,0.6348911289354227
555.0,56304.11558137257,0.6323335904853453
560.0,56077.381146074855,0.6297872082523934
565.0,55851.635160686055,0.6272519269855694
570.0,55626.87273601989,0.624727691775979
575.0,55403.089013066616,0.6222144480536314
580.0,55180.27916271311,0.6197121415842949
585.0,54958.438385467634,0.6172207184664065
590.0,54737.56191118914,0.6147401251280312
595.0,54517.64499882121,0.6122703083238744
600.0,54298.68293613025,0.6098112151323412
605.0,54080.6710394479,0.607362792952644
610.0,53863.60465341758,0.6049249895019554
615.0,53647.47915074511,0.6024977528126086
620.0,53432.28993195303,0.6000810312293369
625.0,53218.03242513891,0.59767477340656
630.0,53004.7020857372,0.5952789283057096
635.0,52792.29439628465,0.5928934451925949
640.0,52580.80486618938,0.5905182736348084
645.0,52370.229031503164,0.5881533634991692
650.0,52160.562454697116,0.585798664949204
655.0,51951.8007244406,0.5834541284426629
660.0,51743.939455383275,0.581119704729073
665.0,51536.97428794022,0.5787953448473246
670.0,51330.90088808005,0.5764810001232914
675.0,51125.71494711591,0.5741766221674837
680.0,50921.41218149947,0.5718821628727342
685.0,50717.98833261748,0.5695975744119138
690.0,50515.439166591335,0.5673228092356805
695.0,50313.76047407892,0.5650578200702534
700.0,50112.94807007948,0.5628025599152219
705.0,49912.99779374077,0.5605569820413795
710.0,49713.90550816864,0.5583210399885856
715.0,49515.66710023932,0.5560946875636571
720.0,49318.27848041378,0.5538778788382834
725.0,49121.73558255461,0.5516705681469705
730.0,48926.03436374517,0.5494727100850091
735.0,48731.170804110865,0.5472842595064676
740.0,48537.14090664262,0.5451051715222104
745.0,48343.940697022656,0.5429354014979401
750.0,48151.56622345212,0.5407749050522623
755.0,47960.01355648093,0.5386236380547748
760.0,47769.27878883963,0.5364815566241783
765.0,47579.35803527303,0.5343486171264095
770.0,47390.24743237612,0.532224776172797
775.0,47201.94313843152,0.5301099906182364
780.0,47014.441333248935,0.5280042175593872
785.0,46827.73821800665,0.5259074143328925
790.0,46641.830015094354,0.523819538513614
795.0,46456.71296795816,0.5217405479128914
800.0,46272.38334094709,0.5196704005768181
805.0,46088.837419161326,0.5176090547845377
810.0,45906.07150830214,0.5155564690465575
815.0,45724.08193452345,0.5135126021030822
820.0,45542.86504428495,0.5114774129223643
825.0,45362.41720420684,0.5094508606990724
830.0,45182.73480092613,0.5074329048526774
835.0,45003.81424095435,0.505423505025855
840.0,44825.65195053695,0.5034226210829057
845.0,44648.24437551392,0.5014302131081905
850.0,44471.58798118214,0.4994462414045845
855.0,44295.67925215888,0.4974706664919436
860.0,44120.51469224688,0.4955034491055899
865.0,43946.0908243007,0.4935445501948105
870.0,43772.40419009455,0.4915939309213729
875.0,43599.45135019123,0.48965155265805305
880.0,43427.22888381263,0.48771737698718165
885.0,43255.733388711335,0.48579136569920145
890.0,43084.96148104356,0.48387348079124065
895.0,42914.909795243395,0.4819636844657003
900.0,42745.57498389819,0.480061939128855
905.0,42576.95371762511,0.4781682073894666
910.0,42409.042684949105,0.47628245205741326
915.0,42241.83859218173,0.4744046361423291
920.0,42075.33816330141,0.4725347228522591
925.0,41909.538139834665,0.4706726755923255
930.0,41744.43528073856,0.46881845796340715
935.0,41580.02636228417,0.46697203376083124
940.0,41416.308177941224,0.46513336697307756
945.0,41253.27753826378,0.46330242178049436
950.0,41090.931270776855,0.46147916255402566
955.0,40929.26621986442,0.4596635538539526
960.0,40768.27924665802,0.45785556042864345
965.0,40607.96722892662,0.4560551472133156
970.0,40448.327060967524,0.45426227932881136
975.0,40289.35565349809,0.45247692208038115
980.0,40131.04993354853,0.45069904095648
985.0,39973.40684435572,0.4489286016275747
990.0,39816.4233452578,0.4471655699449603
995.0,39660.09641158983,0.4454099119395883
1000.0,39504.42303458032,0.4436615938209041
1005.0,39349.40022124876,0.4419205819756969
1010.0,39195.02499430386,0.44018684296695637
1015.0,39041.29439204284,0.4384603435327419
1020.0,38888.20546825157,0.43674105058506096
1025.0,38735.75529210551,0.4350289312087563
1030.0,38583.940948071555,0.43332395266040435
1035.0,38432.75953581066,0.431626082367221
1040.0,38282.20817008141,0.4299352879259786
1045.0,38132.28398064427,0.42825153710193137
1050.0,37982.98411216679,0.42657479782774965
1055.0,37834.30572412943,0.42490503820246317
1060.0,37686.245990732416,0.4232422264904147
1065.0,37538.80210080309,0.4215863311202194
1070.0,37391.971257704325,0.4199373206837363
1075.0,37245.750679243436,0.4182951639350455
1080.0,37100.137597582034,0.4166598297894355
1085.0,36955.12925914654,0.4150312873223984
1090.0,36810.722924539405,0.4134095057686328
1095.0,36666.915868451215,0.41179445452105656
1100.0,36523.70537957325,0.41018610312982495
1105.0,36381.08876051095,0.4085844213013588
1110.0,36239.06332769811,0.40698937889738057
1115.0,36097.6264113116,0.4054009459339571
1120.0,35956.77535518683,0.40381909258054977
1125.0,35816.507516734,0.4022437891590741
1130.0,35676.820266854964,0.4006750061429662
1135.0,35537.71098986054,0.3991127141562539
1140.0,35399.17708338894,0.3975568839726406
1145.0,35261.21595832426,0.39600748651459033
1150.0,35123.825038716226,0.3944644928524259
1155.0,34987.00176170006,0.39292787420342923
1160.0,34850.74357741721,0.3913976019309509
1165.0,34715.04794893672,0.3898736475435274
1170.0,34579.912352177125,0.38835598269400357
1175.0,34445.33427582901,0.3868445791786632
1180.0,34311.31122127806,0.3853394089363648
1185.0,34177.8407025289,0.3838404440476858
1190.0,34044.9202461293,0.3823476567340722
1195.0,33912.547391095126,0.3808610193569948
1200.0,33780.71968883577,0.37938050441711235
1205.0,33649.434703080246,0.3779060845534412
1210.0,33518.69000980363,0.3764377325425296
1215.0,33388.48319715435,0.37497542129764067
1220.0,33258.81186538187,0.3735191238679402
1225.0,33129.67362676482,0.3720688134376901
1230.0,33001.0661055399,0.3706244633254493
1235.0,32872.98693783112,0.3691860469832794
1240.0,32745.43377157963,0.36775353799595656
1245.0,32618.404266474143,0.3663269100801901
1250.0,32491.89609388175,0.36490613708384534
1255.0,32365.906936779364,0.36349119298517396
1260.0,32240.434489685555,0.3620820518920483
1265.0,32115.476458592977,0.36067868804120234
1270.0,31991.03056090128,0.3592810757974786
1275.0,31867.09452535046,0.3578891896530793
1280.0,31743.666091954758,0.3565030042268241
1285.0,31620.743011936993,0.35512249426341275
1290.0,31498.323047663398,0.353747634632693
1295.0,31376.403972578923,0.35237840032893414
1300.0,31254.98357114301,0.3510147664701058
1305.0,31134.059638765833,0.3496567082971618
1310.0,31013.629981744958,0.3483042011733287
1315.0,30893.692417202532,0.34695722058340056
1320.0,30774.24477302286,0.34561574213303775
1325.0,30655.28488779044,0.3442797415480711
1330.0,30536.810610728466,0.3429491946738114
1335.0,30418.81980163773,0.34162407747436285
1340.0,30301.310330836,0.3403043660319426
1345.0,30184.280079097778,0.33899003654620397
1350.0,30067.726937594558,0.3376810653335656
1355.0,29951.64880783538,0.336377428826544
1360.0,29836.04360160796,0.33507910357309184
1365.0,29720.909240920082,0.3337860662359405
1370.0,29606.243657941526,0.3324982935919472
1375.0,29492.044794946327,0.33121576253144713
1380.0,29378.31060425543,0.3299384500576088
1385.0,29265.039048179788,0.32866633328579564
1390.0,29152.228098963846,0.3273993894429307
1395.0,29039.8757387294,0.3261375958668665
1400.0,28927.979959419834,0.3248809300057588
1405.0,28816.53876274477,0.32362936941744475
1410.0,28705.55016012509,0.3223828917688255
1415.0,28595.012172638315,0.32114147483525307
1420.0,28484.92283096437,0.31990509649992077
1425.0,28375.280175331794,0.31867373475325955
1430.0,28266.082255464116,0.31744736769233545
1435.0,28157.327130526857,0.3162259735202545
1440.0,28049.012869074704,0.31500953054556957
1445.0,27941.13754899907,0.3137980171816913
1450.0,27833.699257476117,0.31259141194630424
1455.0,27726.696090914986,0.3113896934607858
1460.0,27620.12615490648,0.31019284044962964
1465.0,27513.98756417205,0.30900083173987275
1470.0,27408.27844251311,0.30781364626052626
1475.0,27302.996922760736,0.30663126304201077
1480.0,27198.141146725684,0.3054536612155946
1485.0,27093.70926514867,0.3042808200128357
1490.0,26989.699437651147,0.3031127187650287
1495.0,26886.109832686227,0.30194933690265385
1500.0,26782.938627490053,0.30079065395483073
